run_id,config_id,skip_step,skip_reason,matching_signature_id,matching_signature_type,matching_signature_cond,signature_conf_at_skip,signature_n_fail,signature_n_counter,is_subsumed_product,ground_truth_feasible
PA-DSE_phago+Full_matmul_B80_sNone_8799992,167,68,rpe_signature,83600,generic_error,"{""pipeline"": ""True""}",0.8000,8,0,False,
PA-DSE_phago+Full_matmul_B80_sNone_8799992,275,68,rpe_signature,83600,generic_error,"{""pipeline"": ""True""}",0.8000,8,0,False,
PA-DSE_phago+Full_matmul_B80_sNone_8799992,227,68,rpe_signature,83600,generic_error,"{""pipeline"": ""True""}",0.8000,8,0,False,
PA-DSE_phago+Full_matmul_B80_sNone_8799992,179,68,rpe_signature,83600,generic_error,"{""pipeline"": ""True""}",0.8000,8,0,False,
PA-DSE_phago+Full_matmul_B80_sNone_8799992,131,68,rpe_signature,83600,generic_error,"{""pipeline"": ""True""}",0.8000,8,0,False,
PA-DSE_phago+Full_matmul_B80_sNone_8799992,257,68,rpe_signature,83600,generic_error,"{""pipeline"": ""True""}",0.8000,8,0,False,
PA-DSE_phago+Full_matmul_B80_sNone_8799992,209,68,rpe_signature,83600,generic_error,"{""pipeline"": ""True""}",0.8000,8,0,False,
PA-DSE_phago+Full_matmul_B80_sNone_8799992,161,68,rpe_signature,83600,generic_error,"{""pipeline"": ""True""}",0.8000,8,0,False,
PA-DSE_phago+Full_matmul_B80_sNone_8799992,269,68,rpe_signature,83600,generic_error,"{""pipeline"": ""True""}",0.8000,8,0,False,
PA-DSE_phago+Full_matmul_B80_sNone_8799992,221,68,rpe_signature,83600,generic_error,"{""pipeline"": ""True""}",0.8000,8,0,False,
PA-DSE_phago+Full_matmul_B80_sNone_8799992,125,68,rpe_signature,83600,generic_error,"{""pipeline"": ""True""}",0.8000,8,0,False,
PA-DSE_phago+Full_matmul_B80_sNone_8799992,260,68,rpe_signature,83600,generic_error,"{""pipeline"": ""True""}",0.8000,8,0,False,
PA-DSE_phago+Full_matmul_B80_sNone_8799992,212,68,rpe_signature,83600,generic_error,"{""pipeline"": ""True""}",0.8000,8,0,False,
PA-DSE_phago+Full_matmul_B80_sNone_8799992,164,68,rpe_signature,83600,generic_error,"{""pipeline"": ""True""}",0.8000,8,0,False,
PA-DSE_phago+Full_matmul_B80_sNone_8799992,116,68,rpe_signature,83600,generic_error,"{""pipeline"": ""True""}",0.8000,8,0,False,
PA-DSE_phago+Full_matmul_B80_sNone_8799992,272,68,rpe_signature,83600,generic_error,"{""pipeline"": ""True""}",0.8000,8,0,False,
PA-DSE_phago+Full_matmul_B80_sNone_8799992,176,68,rpe_signature,83600,generic_error,"{""pipeline"": ""True""}",0.8000,8,0,False,
PA-DSE_phago+Full_matmul_B80_sNone_8799992,128,68,rpe_signature,83600,generic_error,"{""pipeline"": ""True""}",0.8000,8,0,False,
PA-DSE_phago+Full_matmul_B80_sNone_8799992,261,68,rpe_signature,83600,generic_error,"{""pipeline"": ""True""}",0.8000,8,0,False,
PA-DSE_phago+Full_matmul_B80_sNone_8799992,213,68,rpe_signature,83600,generic_error,"{""pipeline"": ""True""}",0.8000,8,0,False,
PA-DSE_phago+Full_matmul_B80_sNone_8799992,165,68,rpe_signature,83600,generic_error,"{""pipeline"": ""True""}",0.8000,8,0,False,
PA-DSE_phago+Full_matmul_B80_sNone_8799992,117,68,rpe_signature,83600,generic_error,"{""pipeline"": ""True""}",0.8000,8,0,False,
PA-DSE_phago+Full_matmul_B80_sNone_8799992,254,68,rpe_signature,83600,generic_error,"{""pipeline"": ""True""}",0.8000,8,0,False,
PA-DSE_phago+Full_matmul_B80_sNone_8799992,206,68,rpe_signature,83600,generic_error,"{""pipeline"": ""True""}",0.8000,8,0,False,
PA-DSE_phago+Full_matmul_B80_sNone_8799992,158,68,rpe_signature,83600,generic_error,"{""pipeline"": ""True""}",0.8000,8,0,False,
PA-DSE_phago+Full_matmul_B80_sNone_8799992,110,68,rpe_signature,83600,generic_error,"{""pipeline"": ""True""}",0.8000,8,0,False,
PA-DSE_phago+Full_matmul_B80_sNone_8799992,273,68,rpe_signature,83600,generic_error,"{""pipeline"": ""True""}",0.8000,8,0,False,
PA-DSE_phago+Full_matmul_B80_sNone_8799992,225,68,rpe_signature,83600,generic_error,"{""pipeline"": ""True""}",0.8000,8,0,False,
PA-DSE_phago+Full_matmul_B80_sNone_8799992,177,68,rpe_signature,83600,generic_error,"{""pipeline"": ""True""}",0.8000,8,0,False,
PA-DSE_phago+Full_matmul_B80_sNone_8799992,129,68,rpe_signature,83600,generic_error,"{""pipeline"": ""True""}",0.8000,8,0,False,
PA-DSE_phago+Full_matmul_B80_sNone_8799992,218,68,rpe_signature,83600,generic_error,"{""pipeline"": ""True""}",0.8000,8,0,False,
PA-DSE_phago+Full_matmul_B80_sNone_8799992,170,68,rpe_signature,83600,generic_error,"{""pipeline"": ""True""}",0.8000,8,0,False,
PA-DSE_phago+Full_matmul_B80_sNone_8799992,122,68,rpe_signature,83600,generic_error,"{""pipeline"": ""True""}",0.8000,8,0,False,
PA-DSE_phago+Full_matmul_B80_sNone_8799992,255,68,rpe_signature,83600,generic_error,"{""pipeline"": ""True""}",0.8000,8,0,False,
PA-DSE_phago+Full_matmul_B80_sNone_8799992,207,68,rpe_signature,83600,generic_error,"{""pipeline"": ""True""}",0.8000,8,0,False,
PA-DSE_phago+Full_matmul_B80_sNone_8799992,159,68,rpe_signature,83600,generic_error,"{""pipeline"": ""True""}",0.8000,8,0,False,
PA-DSE_phago+Full_matmul_B80_sNone_8799992,111,68,rpe_signature,83600,generic_error,"{""pipeline"": ""True""}",0.8000,8,0,False,
PA-DSE_phago+Full_matmul_B80_sNone_8799992,219,68,rpe_signature,83600,generic_error,"{""pipeline"": ""True""}",0.8000,8,0,False,
PA-DSE_phago+Full_matmul_B80_sNone_8799992,171,68,rpe_signature,83600,generic_error,"{""pipeline"": ""True""}",0.8000,8,0,False,
PA-DSE_phago+Full_matmul_B80_sNone_8799992,123,68,rpe_signature,83600,generic_error,"{""pipeline"": ""True""}",0.8000,8,0,False,
PA-DSE_phago+Full_matmul_B80_sNone_8799992,258,68,rpe_signature,83600,generic_error,"{""pipeline"": ""True""}",0.8000,8,0,False,
PA-DSE_phago+Full_matmul_B80_sNone_8799992,210,68,rpe_signature,83600,generic_error,"{""pipeline"": ""True""}",0.8000,8,0,False,
PA-DSE_phago+Full_matmul_B80_sNone_8799992,162,68,rpe_signature,83600,generic_error,"{""pipeline"": ""True""}",0.8000,8,0,False,
PA-DSE_phago+Full_matmul_B80_sNone_8799992,114,68,rpe_signature,83600,generic_error,"{""pipeline"": ""True""}",0.8000,8,0,False,
PA-DSE_phago+Full_matmul_B80_sNone_8799992,270,68,rpe_signature,83600,generic_error,"{""pipeline"": ""True""}",0.8000,8,0,False,
PA-DSE_phago+Full_matmul_B80_sNone_8799992,222,68,rpe_signature,83600,generic_error,"{""pipeline"": ""True""}",0.8000,8,0,False,
PA-DSE_phago+Full_matmul_B80_sNone_8799992,174,68,rpe_signature,83600,generic_error,"{""pipeline"": ""True""}",0.8000,8,0,False,
PA-DSE_phago+Full_matmul_B80_sNone_8799992,126,68,rpe_signature,83600,generic_error,"{""pipeline"": ""True""}",0.8000,8,0,False,
PA-DSE_phago+Full_matmul_B80_sNone_8799992,252,68,rpe_signature,83600,generic_error,"{""pipeline"": ""True""}",0.8000,8,0,False,
PA-DSE_phago+Full_matmul_B80_sNone_8799992,204,68,rpe_signature,83600,generic_error,"{""pipeline"": ""True""}",0.8000,8,0,False,
PA-DSE_phago+Full_matmul_B80_sNone_8799992,156,68,rpe_signature,83600,generic_error,"{""pipeline"": ""True""}",0.8000,8,0,False,
PA-DSE_phago+Full_matmul_B80_sNone_8799992,108,68,rpe_signature,83600,generic_error,"{""pipeline"": ""True""}",0.8000,8,0,False,
PA-DSE_phago+Full_matmul_B80_sNone_8799992,264,68,rpe_signature,83600,generic_error,"{""pipeline"": ""True""}",0.8000,8,0,False,
PA-DSE_phago+Full_matmul_B80_sNone_8799992,216,68,rpe_signature,83600,generic_error,"{""pipeline"": ""True""}",0.8000,8,0,False,
PA-DSE_phago+Full_matmul_B80_sNone_8799992,168,68,rpe_signature,83600,generic_error,"{""pipeline"": ""True""}",0.8000,8,0,False,
PA-DSE_phago+Full_matmul_B80_sNone_8799992,120,68,rpe_signature,83600,generic_error,"{""pipeline"": ""True""}",0.8000,8,0,False,
PA-DSE_phago+Full_matmul_B80_sNone_8799992,311,68,rpe_signature,83600,generic_error,"{""pipeline"": ""True""}",0.8000,8,0,False,
PA-DSE_phago+Full_matmul_B80_sNone_8799992,323,68,rpe_signature,83600,generic_error,"{""pipeline"": ""True""}",0.8000,8,0,False,
PA-DSE_phago+Full_matmul_B80_sNone_8799992,305,68,rpe_signature,83600,generic_error,"{""pipeline"": ""True""}",0.8000,8,0,False,
PA-DSE_phago+Full_matmul_B80_sNone_8799992,317,68,rpe_signature,83600,generic_error,"{""pipeline"": ""True""}",0.8000,8,0,False,
PA-DSE_phago+Full_matmul_B80_sNone_8799992,371,68,rpe_signature,83600,generic_error,"{""pipeline"": ""True""}",0.8000,8,0,False,
PA-DSE_phago+Full_matmul_B80_sNone_8799992,407,68,rpe_signature,83600,generic_error,"{""pipeline"": ""True""}",0.8000,8,0,False,
PA-DSE_phago+Full_matmul_B80_sNone_8799992,353,68,rpe_signature,83600,generic_error,"{""pipeline"": ""True""}",0.8000,8,0,False,
PA-DSE_phago+Full_matmul_B80_sNone_8799992,365,68,rpe_signature,83600,generic_error,"{""pipeline"": ""True""}",0.8000,8,0,False,
PA-DSE_phago+Full_matmul_B80_sNone_8799992,401,68,rpe_signature,83600,generic_error,"{""pipeline"": ""True""}",0.8000,8,0,False,
PA-DSE_phago+Full_matmul_B80_sNone_8799992,413,68,rpe_signature,83600,generic_error,"{""pipeline"": ""True""}",0.8000,8,0,False,
PA-DSE_phago+Full_matmul_B80_sNone_8799992,308,68,rpe_signature,83600,generic_error,"{""pipeline"": ""True""}",0.8000,8,0,False,
PA-DSE_phago+Full_matmul_B80_sNone_8799992,320,68,rpe_signature,83600,generic_error,"{""pipeline"": ""True""}",0.8000,8,0,False,
PA-DSE_phago+Full_matmul_B80_sNone_8799992,309,68,rpe_signature,83600,generic_error,"{""pipeline"": ""True""}",0.8000,8,0,False,
PA-DSE_phago+Full_matmul_B80_sNone_8799992,302,68,rpe_signature,83600,generic_error,"{""pipeline"": ""True""}",0.8000,8,0,False,
PA-DSE_phago+Full_matmul_B80_sNone_8799992,321,68,rpe_signature,83600,generic_error,"{""pipeline"": ""True""}",0.8000,8,0,False,
PA-DSE_phago+Full_matmul_B80_sNone_8799992,303,68,rpe_signature,83600,generic_error,"{""pipeline"": ""True""}",0.8000,8,0,False,
PA-DSE_phago+Full_matmul_B80_sNone_8799992,315,68,rpe_signature,83600,generic_error,"{""pipeline"": ""True""}",0.8000,8,0,False,
PA-DSE_phago+Full_matmul_B80_sNone_8799992,356,68,rpe_signature,83600,generic_error,"{""pipeline"": ""True""}",0.8000,8,0,False,
PA-DSE_phago+Full_matmul_B80_sNone_8799992,368,68,rpe_signature,83600,generic_error,"{""pipeline"": ""True""}",0.8000,8,0,False,
PA-DSE_phago+Full_matmul_B80_sNone_8799992,404,68,rpe_signature,83600,generic_error,"{""pipeline"": ""True""}",0.8000,8,0,False,
PA-DSE_phago+Full_matmul_B80_sNone_8799992,416,68,rpe_signature,83600,generic_error,"{""pipeline"": ""True""}",0.8000,8,0,False,
PA-DSE_phago+Full_matmul_B80_sNone_8799992,357,68,rpe_signature,83600,generic_error,"{""pipeline"": ""True""}",0.8000,8,0,False,
PA-DSE_phago+Full_matmul_B80_sNone_8799992,350,68,rpe_signature,83600,generic_error,"{""pipeline"": ""True""}",0.8000,8,0,False,
PA-DSE_phago+Full_matmul_B80_sNone_8799992,369,68,rpe_signature,83600,generic_error,"{""pipeline"": ""True""}",0.8000,8,0,False,
PA-DSE_phago+Full_matmul_B80_sNone_8799992,362,68,rpe_signature,83600,generic_error,"{""pipeline"": ""True""}",0.8000,8,0,False,
PA-DSE_phago+Full_matmul_B80_sNone_8799992,405,68,rpe_signature,83600,generic_error,"{""pipeline"": ""True""}",0.8000,8,0,False,
PA-DSE_phago+Full_matmul_B80_sNone_8799992,398,68,rpe_signature,83600,generic_error,"{""pipeline"": ""True""}",0.8000,8,0,False,
PA-DSE_phago+Full_matmul_B80_sNone_8799992,410,68,rpe_signature,83600,generic_error,"{""pipeline"": ""True""}",0.8000,8,0,False,
PA-DSE_phago+Full_matmul_B80_sNone_8799992,351,68,rpe_signature,83600,generic_error,"{""pipeline"": ""True""}",0.8000,8,0,False,
PA-DSE_phago+Full_matmul_B80_sNone_8799992,363,68,rpe_signature,83600,generic_error,"{""pipeline"": ""True""}",0.8000,8,0,False,
PA-DSE_phago+Full_matmul_B80_sNone_8799992,399,68,rpe_signature,83600,generic_error,"{""pipeline"": ""True""}",0.8000,8,0,False,
PA-DSE_phago+Full_matmul_B80_sNone_8799992,411,68,rpe_signature,83600,generic_error,"{""pipeline"": ""True""}",0.8000,8,0,False,
PA-DSE_phago+Full_matmul_B80_sNone_8799992,306,68,rpe_signature,83600,generic_error,"{""pipeline"": ""True""}",0.8000,8,0,False,
PA-DSE_phago+Full_matmul_B80_sNone_8799992,318,68,rpe_signature,83600,generic_error,"{""pipeline"": ""True""}",0.8000,8,0,False,
PA-DSE_phago+Full_matmul_B80_sNone_8799992,300,68,rpe_signature,83600,generic_error,"{""pipeline"": ""True""}",0.8000,8,0,False,
PA-DSE_phago+Full_matmul_B80_sNone_8799992,312,68,rpe_signature,83600,generic_error,"{""pipeline"": ""True""}",0.8000,8,0,False,
PA-DSE_phago+Full_matmul_B80_sNone_8799992,354,68,rpe_signature,83600,generic_error,"{""pipeline"": ""True""}",0.8000,8,0,False,
PA-DSE_phago+Full_matmul_B80_sNone_8799992,402,68,rpe_signature,83600,generic_error,"{""pipeline"": ""True""}",0.8000,8,0,False,
PA-DSE_phago+Full_matmul_B80_sNone_8799992,414,68,rpe_signature,83600,generic_error,"{""pipeline"": ""True""}",0.8000,8,0,False,
PA-DSE_phago+Full_matmul_B80_sNone_8799992,348,68,rpe_signature,83600,generic_error,"{""pipeline"": ""True""}",0.8000,8,0,False,
PA-DSE_phago+Full_matmul_B80_sNone_8799992,360,68,rpe_signature,83600,generic_error,"{""pipeline"": ""True""}",0.8000,8,0,False,
PA-DSE_phago+Full_matmul_B80_sNone_8799992,396,68,rpe_signature,83600,generic_error,"{""pipeline"": ""True""}",0.8000,8,0,False,
PA-DSE_phago+Full_matmul_B80_sNone_8799992,408,68,rpe_signature,83600,generic_error,"{""pipeline"": ""True""}",0.8000,8,0,False,
PA-DSE_phago+Full_matmul_B80_sNone_8799992,251,68,rpe_signature,83600,generic_error,"{""pipeline"": ""True""}",0.8000,8,0,False,
PA-DSE_phago+Full_matmul_B80_sNone_8799992,203,68,rpe_signature,83600,generic_error,"{""pipeline"": ""True""}",0.8000,8,0,False,
PA-DSE_phago+Full_matmul_B80_sNone_8799992,155,68,rpe_signature,83600,generic_error,"{""pipeline"": ""True""}",0.8000,8,0,False,
PA-DSE_phago+Full_matmul_B80_sNone_8799992,107,68,rpe_signature,83600,generic_error,"{""pipeline"": ""True""}",0.8000,8,0,False,
PA-DSE_phago+Full_matmul_B80_sNone_8799992,245,68,rpe_signature,83600,generic_error,"{""pipeline"": ""True""}",0.8000,8,0,False,
PA-DSE_phago+Full_matmul_B80_sNone_8799992,197,68,rpe_signature,83600,generic_error,"{""pipeline"": ""True""}",0.8000,8,0,False,
PA-DSE_phago+Full_matmul_B80_sNone_8799992,149,68,rpe_signature,83600,generic_error,"{""pipeline"": ""True""}",0.8000,8,0,False,
PA-DSE_phago+Full_matmul_B80_sNone_8799992,101,68,rpe_signature,83600,generic_error,"{""pipeline"": ""True""}",0.8000,8,0,False,
PA-DSE_phago+Full_matmul_B80_sNone_8799992,239,68,rpe_signature,83600,generic_error,"{""pipeline"": ""True""}",0.8000,8,0,False,
PA-DSE_phago+Full_matmul_B80_sNone_8799992,191,68,rpe_signature,83600,generic_error,"{""pipeline"": ""True""}",0.8000,8,0,False,
PA-DSE_phago+Full_matmul_B80_sNone_8799992,143,68,rpe_signature,83600,generic_error,"{""pipeline"": ""True""}",0.8000,8,0,False,
PA-DSE_phago+Full_matmul_B80_sNone_8799992,95,68,rpe_signature,83600,generic_error,"{""pipeline"": ""True""}",0.8000,8,0,False,
PA-DSE_phago+Full_matmul_B80_sNone_8799992,233,68,rpe_signature,83600,generic_error,"{""pipeline"": ""True""}",0.8000,8,0,False,
PA-DSE_phago+Full_matmul_B80_sNone_8799992,185,68,rpe_signature,83600,generic_error,"{""pipeline"": ""True""}",0.8000,8,0,False,
PA-DSE_phago+Full_matmul_B80_sNone_8799992,137,68,rpe_signature,83600,generic_error,"{""pipeline"": ""True""}",0.8000,8,0,False,
PA-DSE_phago+Full_matmul_B80_sNone_8799992,89,68,rpe_signature,83600,generic_error,"{""pipeline"": ""True""}",0.8000,8,0,False,
PA-DSE_phago+Full_matmul_B80_sNone_8799992,248,68,rpe_signature,83600,generic_error,"{""pipeline"": ""True""}",0.8000,8,0,False,
PA-DSE_phago+Full_matmul_B80_sNone_8799992,152,68,rpe_signature,83600,generic_error,"{""pipeline"": ""True""}",0.8000,8,0,False,
PA-DSE_phago+Full_matmul_B80_sNone_8799992,249,68,rpe_signature,83600,generic_error,"{""pipeline"": ""True""}",0.8000,8,0,False,
PA-DSE_phago+Full_matmul_B80_sNone_8799992,201,68,rpe_signature,83600,generic_error,"{""pipeline"": ""True""}",0.8000,8,0,False,
PA-DSE_phago+Full_matmul_B80_sNone_8799992,105,68,rpe_signature,83600,generic_error,"{""pipeline"": ""True""}",0.8000,8,0,False,
PA-DSE_phago+Full_matmul_B80_sNone_8799992,242,68,rpe_signature,83600,generic_error,"{""pipeline"": ""True""}",0.8000,8,0,False,
PA-DSE_phago+Full_matmul_B80_sNone_8799992,194,68,rpe_signature,83600,generic_error,"{""pipeline"": ""True""}",0.8000,8,0,False,
PA-DSE_phago+Full_matmul_B80_sNone_8799992,146,68,rpe_signature,83600,generic_error,"{""pipeline"": ""True""}",0.8000,8,0,False,
PA-DSE_phago+Full_matmul_B80_sNone_8799992,98,68,rpe_signature,83600,generic_error,"{""pipeline"": ""True""}",0.8000,8,0,False,
PA-DSE_phago+Full_matmul_B80_sNone_8799992,243,68,rpe_signature,83600,generic_error,"{""pipeline"": ""True""}",0.8000,8,0,False,
PA-DSE_phago+Full_matmul_B80_sNone_8799992,195,68,rpe_signature,83600,generic_error,"{""pipeline"": ""True""}",0.8000,8,0,False,
PA-DSE_phago+Full_matmul_B80_sNone_8799992,147,68,rpe_signature,83600,generic_error,"{""pipeline"": ""True""}",0.8000,8,0,False,
PA-DSE_phago+Full_matmul_B80_sNone_8799992,99,68,rpe_signature,83600,generic_error,"{""pipeline"": ""True""}",0.8000,8,0,False,
PA-DSE_phago+Full_matmul_B80_sNone_8799992,236,68,rpe_signature,83600,generic_error,"{""pipeline"": ""True""}",0.8000,8,0,False,
PA-DSE_phago+Full_matmul_B80_sNone_8799992,188,68,rpe_signature,83600,generic_error,"{""pipeline"": ""True""}",0.8000,8,0,False,
PA-DSE_phago+Full_matmul_B80_sNone_8799992,140,68,rpe_signature,83600,generic_error,"{""pipeline"": ""True""}",0.8000,8,0,False,
PA-DSE_phago+Full_matmul_B80_sNone_8799992,92,68,rpe_signature,83600,generic_error,"{""pipeline"": ""True""}",0.8000,8,0,False,
PA-DSE_phago+Full_matmul_B80_sNone_8799992,237,68,rpe_signature,83600,generic_error,"{""pipeline"": ""True""}",0.8000,8,0,False,
PA-DSE_phago+Full_matmul_B80_sNone_8799992,189,68,rpe_signature,83600,generic_error,"{""pipeline"": ""True""}",0.8000,8,0,False,
PA-DSE_phago+Full_matmul_B80_sNone_8799992,141,68,rpe_signature,83600,generic_error,"{""pipeline"": ""True""}",0.8000,8,0,False,
PA-DSE_phago+Full_matmul_B80_sNone_8799992,93,68,rpe_signature,83600,generic_error,"{""pipeline"": ""True""}",0.8000,8,0,False,
PA-DSE_phago+Full_matmul_B80_sNone_8799992,230,68,rpe_signature,83600,generic_error,"{""pipeline"": ""True""}",0.8000,8,0,False,
PA-DSE_phago+Full_matmul_B80_sNone_8799992,182,68,rpe_signature,83600,generic_error,"{""pipeline"": ""True""}",0.8000,8,0,False,
PA-DSE_phago+Full_matmul_B80_sNone_8799992,134,68,rpe_signature,83600,generic_error,"{""pipeline"": ""True""}",0.8000,8,0,False,
PA-DSE_phago+Full_matmul_B80_sNone_8799992,86,68,rpe_signature,83600,generic_error,"{""pipeline"": ""True""}",0.8000,8,0,False,
PA-DSE_phago+Full_matmul_B80_sNone_8799992,231,68,rpe_signature,83600,generic_error,"{""pipeline"": ""True""}",0.8000,8,0,False,
PA-DSE_phago+Full_matmul_B80_sNone_8799992,183,68,rpe_signature,83600,generic_error,"{""pipeline"": ""True""}",0.8000,8,0,False,
PA-DSE_phago+Full_matmul_B80_sNone_8799992,135,68,rpe_signature,83600,generic_error,"{""pipeline"": ""True""}",0.8000,8,0,False,
PA-DSE_phago+Full_matmul_B80_sNone_8799992,87,68,rpe_signature,83600,generic_error,"{""pipeline"": ""True""}",0.8000,8,0,False,
PA-DSE_phago+Full_matmul_B80_sNone_8799992,246,68,rpe_signature,83600,generic_error,"{""pipeline"": ""True""}",0.8000,8,0,False,
PA-DSE_phago+Full_matmul_B80_sNone_8799992,198,68,rpe_signature,83600,generic_error,"{""pipeline"": ""True""}",0.8000,8,0,False,
PA-DSE_phago+Full_matmul_B80_sNone_8799992,150,68,rpe_signature,83600,generic_error,"{""pipeline"": ""True""}",0.8000,8,0,False,
PA-DSE_phago+Full_matmul_B80_sNone_8799992,102,68,rpe_signature,83600,generic_error,"{""pipeline"": ""True""}",0.8000,8,0,False,
PA-DSE_phago+Full_matmul_B80_sNone_8799992,240,68,rpe_signature,83600,generic_error,"{""pipeline"": ""True""}",0.8000,8,0,False,
PA-DSE_phago+Full_matmul_B80_sNone_8799992,192,68,rpe_signature,83600,generic_error,"{""pipeline"": ""True""}",0.8000,8,0,False,
PA-DSE_phago+Full_matmul_B80_sNone_8799992,144,68,rpe_signature,83600,generic_error,"{""pipeline"": ""True""}",0.8000,8,0,False,
PA-DSE_phago+Full_matmul_B80_sNone_8799992,96,68,rpe_signature,83600,generic_error,"{""pipeline"": ""True""}",0.8000,8,0,False,
PA-DSE_phago+Full_matmul_B80_sNone_8799992,234,68,rpe_signature,83600,generic_error,"{""pipeline"": ""True""}",0.8000,8,0,False,
PA-DSE_phago+Full_matmul_B80_sNone_8799992,186,68,rpe_signature,83600,generic_error,"{""pipeline"": ""True""}",0.8000,8,0,False,
PA-DSE_phago+Full_matmul_B80_sNone_8799992,138,68,rpe_signature,83600,generic_error,"{""pipeline"": ""True""}",0.8000,8,0,False,
PA-DSE_phago+Full_matmul_B80_sNone_8799992,90,68,rpe_signature,83600,generic_error,"{""pipeline"": ""True""}",0.8000,8,0,False,
PA-DSE_phago+Full_matmul_B80_sNone_8799992,228,68,rpe_signature,83600,generic_error,"{""pipeline"": ""True""}",0.8000,8,0,False,
PA-DSE_phago+Full_matmul_B80_sNone_8799992,180,68,rpe_signature,83600,generic_error,"{""pipeline"": ""True""}",0.8000,8,0,False,
PA-DSE_phago+Full_matmul_B80_sNone_8799992,132,68,rpe_signature,83600,generic_error,"{""pipeline"": ""True""}",0.8000,8,0,False,
PA-DSE_phago+Full_matmul_B80_sNone_8799992,299,68,rpe_signature,83600,generic_error,"{""pipeline"": ""True""}",0.8000,8,0,False,
PA-DSE_phago+Full_matmul_B80_sNone_8799992,293,68,rpe_signature,83600,generic_error,"{""pipeline"": ""True""}",0.8000,8,0,False,
PA-DSE_phago+Full_matmul_B80_sNone_8799992,347,68,rpe_signature,83600,generic_error,"{""pipeline"": ""True""}",0.8000,8,0,False,
PA-DSE_phago+Full_matmul_B80_sNone_8799992,395,68,rpe_signature,83600,generic_error,"{""pipeline"": ""True""}",0.8000,8,0,False,
PA-DSE_phago+Full_matmul_B80_sNone_8799992,341,68,rpe_signature,83600,generic_error,"{""pipeline"": ""True""}",0.8000,8,0,False,
PA-DSE_phago+Full_matmul_B80_sNone_8799992,389,68,rpe_signature,83600,generic_error,"{""pipeline"": ""True""}",0.8000,8,0,False,
PA-DSE_phago+Full_matmul_B80_sNone_8799992,287,68,rpe_signature,83600,generic_error,"{""pipeline"": ""True""}",0.8000,8,0,False,
PA-DSE_phago+Full_matmul_B80_sNone_8799992,281,68,rpe_signature,83600,generic_error,"{""pipeline"": ""True""}",0.8000,8,0,False,
PA-DSE_phago+Full_matmul_B80_sNone_8799992,335,68,rpe_signature,83600,generic_error,"{""pipeline"": ""True""}",0.8000,8,0,False,
PA-DSE_phago+Full_matmul_B80_sNone_8799992,383,68,rpe_signature,83600,generic_error,"{""pipeline"": ""True""}",0.8000,8,0,False,
PA-DSE_phago+Full_matmul_B80_sNone_8799992,329,68,rpe_signature,83600,generic_error,"{""pipeline"": ""True""}",0.8000,8,0,False,
PA-DSE_phago+Full_matmul_B80_sNone_8799992,377,68,rpe_signature,83600,generic_error,"{""pipeline"": ""True""}",0.8000,8,0,False,
PA-DSE_phago+Full_matmul_B80_sNone_8799992,296,68,rpe_signature,83600,generic_error,"{""pipeline"": ""True""}",0.8000,8,0,False,
PA-DSE_phago+Full_matmul_B80_sNone_8799992,297,68,rpe_signature,83600,generic_error,"{""pipeline"": ""True""}",0.8000,8,0,False,
PA-DSE_phago+Full_matmul_B80_sNone_8799992,290,68,rpe_signature,83600,generic_error,"{""pipeline"": ""True""}",0.8000,8,0,False,
PA-DSE_phago+Full_matmul_B80_sNone_8799992,291,68,rpe_signature,83600,generic_error,"{""pipeline"": ""True""}",0.8000,8,0,False,
PA-DSE_phago+Full_matmul_B80_sNone_8799992,344,68,rpe_signature,83600,generic_error,"{""pipeline"": ""True""}",0.8000,8,0,False,
PA-DSE_phago+Full_matmul_B80_sNone_8799992,392,68,rpe_signature,83600,generic_error,"{""pipeline"": ""True""}",0.8000,8,0,False,
PA-DSE_phago+Full_matmul_B80_sNone_8799992,345,68,rpe_signature,83600,generic_error,"{""pipeline"": ""True""}",0.8000,8,0,False,
PA-DSE_phago+Full_matmul_B80_sNone_8799992,338,68,rpe_signature,83600,generic_error,"{""pipeline"": ""True""}",0.8000,8,0,False,
PA-DSE_phago+Full_matmul_B80_sNone_8799992,393,68,rpe_signature,83600,generic_error,"{""pipeline"": ""True""}",0.8000,8,0,False,
PA-DSE_phago+Full_matmul_B80_sNone_8799992,386,68,rpe_signature,83600,generic_error,"{""pipeline"": ""True""}",0.8000,8,0,False,
PA-DSE_phago+Full_matmul_B80_sNone_8799992,339,68,rpe_signature,83600,generic_error,"{""pipeline"": ""True""}",0.8000,8,0,False,
PA-DSE_phago+Full_matmul_B80_sNone_8799992,387,68,rpe_signature,83600,generic_error,"{""pipeline"": ""True""}",0.8000,8,0,False,
PA-DSE_phago+Full_matmul_B80_sNone_8799992,284,68,rpe_signature,83600,generic_error,"{""pipeline"": ""True""}",0.8000,8,0,False,
PA-DSE_phago+Full_matmul_B80_sNone_8799992,285,68,rpe_signature,83600,generic_error,"{""pipeline"": ""True""}",0.8000,8,0,False,
PA-DSE_phago+Full_matmul_B80_sNone_8799992,278,68,rpe_signature,83600,generic_error,"{""pipeline"": ""True""}",0.8000,8,0,False,
PA-DSE_phago+Full_matmul_B80_sNone_8799992,279,68,rpe_signature,83600,generic_error,"{""pipeline"": ""True""}",0.8000,8,0,False,
PA-DSE_phago+Full_matmul_B80_sNone_8799992,332,68,rpe_signature,83600,generic_error,"{""pipeline"": ""True""}",0.8000,8,0,False,
PA-DSE_phago+Full_matmul_B80_sNone_8799992,380,68,rpe_signature,83600,generic_error,"{""pipeline"": ""True""}",0.8000,8,0,False,
PA-DSE_phago+Full_matmul_B80_sNone_8799992,333,68,rpe_signature,83600,generic_error,"{""pipeline"": ""True""}",0.8000,8,0,False,
PA-DSE_phago+Full_matmul_B80_sNone_8799992,326,68,rpe_signature,83600,generic_error,"{""pipeline"": ""True""}",0.8000,8,0,False,
PA-DSE_phago+Full_matmul_B80_sNone_8799992,381,68,rpe_signature,83600,generic_error,"{""pipeline"": ""True""}",0.8000,8,0,False,
PA-DSE_phago+Full_matmul_B80_sNone_8799992,374,68,rpe_signature,83600,generic_error,"{""pipeline"": ""True""}",0.8000,8,0,False,
PA-DSE_phago+Full_matmul_B80_sNone_8799992,288,68,rpe_signature,83600,generic_error,"{""pipeline"": ""True""}",0.8000,8,0,False,
PA-DSE_phago+Full_matmul_B80_sNone_8799992,342,68,rpe_signature,83600,generic_error,"{""pipeline"": ""True""}",0.8000,8,0,False,
PA-DSE_phago+Full_matmul_B80_sNone_8799992,336,68,rpe_signature,83600,generic_error,"{""pipeline"": ""True""}",0.8000,8,0,False,
PA-DSE_phago+Full_matmul_B80_sNone_8799992,384,68,rpe_signature,83600,generic_error,"{""pipeline"": ""True""}",0.8000,8,0,False,
PA-DSE_phago+Full_matmul_B80_sNone_8799992,282,68,rpe_signature,83600,generic_error,"{""pipeline"": ""True""}",0.8000,8,0,False,
PA-DSE_phago+Full_matmul_B80_sNone_8799992,276,68,rpe_signature,83600,generic_error,"{""pipeline"": ""True""}",0.8000,8,0,False,
PA-DSE_phago+Full_matmul_B80_sNone_8799992,330,68,rpe_signature,83600,generic_error,"{""pipeline"": ""True""}",0.8000,8,0,False,
PA-DSE_phago+Full_matmul_B80_sNone_8799992,378,68,rpe_signature,83600,generic_error,"{""pipeline"": ""True""}",0.8000,8,0,False,
PA-DSE_phago+Full_matmul_B80_sNone_8799992,324,68,rpe_signature,83600,generic_error,"{""pipeline"": ""True""}",0.8000,8,0,False,
PA-DSE_phago+Full_matmul_B80_sNone_8799992,372,68,rpe_signature,83600,generic_error,"{""pipeline"": ""True""}",0.8000,8,0,False,
PA-DSE_phago+Full_matmul_B80_sNone_8799992,173,69,rpe_signature,83600,generic_error,"{""pipeline"": ""True""}",0.8182,9,0,False,
PA-DSE_phago+Full_matmul_B80_sNone_8799992,267,69,rpe_signature,83600,generic_error,"{""pipeline"": ""True""}",0.8182,9,0,False,
PA-DSE_phago+Full_matmul_B80_sNone_8799992,417,69,rpe_signature,83600,generic_error,"{""pipeline"": ""True""}",0.8182,9,0,False,
PA-DSE_phago+Full_matmul_B80_sNone_8799992,366,69,rpe_signature,83600,generic_error,"{""pipeline"": ""True""}",0.8182,9,0,False,
PA-DSE_phago+Full_matmul_B80_sNone_8799992,419,69,rpe_signature,83600,generic_error,"{""pipeline"": ""True""}",0.8182,9,0,False,
PA-DSE_phago+Full_matmul_B80_sNone_8799992,200,69,rpe_signature,83600,generic_error,"{""pipeline"": ""True""}",0.8182,9,0,False,
PA-DSE_phago+Full_matmul_B80_sNone_8799992,104,69,rpe_signature,83600,generic_error,"{""pipeline"": ""True""}",0.8182,9,0,False,
PA-DSE_phago+Full_matmul_B80_sNone_8799992,113,69,rpe_signature,83600,generic_error,"{""pipeline"": ""True""}",0.8182,9,0,False,
PA-DSE_phago+Full_matmul_B80_sNone_8799992,119,69,rpe_signature,83600,generic_error,"{""pipeline"": ""True""}",0.8182,9,0,False,
PA-DSE_phago+Full_matmul_B120_sNone_168527,167,68,rpe_signature,61392,generic_error,"{""pipeline"": ""True""}",0.8000,8,0,False,
PA-DSE_phago+Full_matmul_B120_sNone_168527,275,68,rpe_signature,61392,generic_error,"{""pipeline"": ""True""}",0.8000,8,0,False,
PA-DSE_phago+Full_matmul_B120_sNone_168527,227,68,rpe_signature,61392,generic_error,"{""pipeline"": ""True""}",0.8000,8,0,False,
PA-DSE_phago+Full_matmul_B120_sNone_168527,179,68,rpe_signature,61392,generic_error,"{""pipeline"": ""True""}",0.8000,8,0,False,
PA-DSE_phago+Full_matmul_B120_sNone_168527,131,68,rpe_signature,61392,generic_error,"{""pipeline"": ""True""}",0.8000,8,0,False,
PA-DSE_phago+Full_matmul_B120_sNone_168527,257,68,rpe_signature,61392,generic_error,"{""pipeline"": ""True""}",0.8000,8,0,False,
PA-DSE_phago+Full_matmul_B120_sNone_168527,209,68,rpe_signature,61392,generic_error,"{""pipeline"": ""True""}",0.8000,8,0,False,
PA-DSE_phago+Full_matmul_B120_sNone_168527,161,68,rpe_signature,61392,generic_error,"{""pipeline"": ""True""}",0.8000,8,0,False,
PA-DSE_phago+Full_matmul_B120_sNone_168527,269,68,rpe_signature,61392,generic_error,"{""pipeline"": ""True""}",0.8000,8,0,False,
PA-DSE_phago+Full_matmul_B120_sNone_168527,221,68,rpe_signature,61392,generic_error,"{""pipeline"": ""True""}",0.8000,8,0,False,
PA-DSE_phago+Full_matmul_B120_sNone_168527,125,68,rpe_signature,61392,generic_error,"{""pipeline"": ""True""}",0.8000,8,0,False,
PA-DSE_phago+Full_matmul_B120_sNone_168527,260,68,rpe_signature,61392,generic_error,"{""pipeline"": ""True""}",0.8000,8,0,False,
PA-DSE_phago+Full_matmul_B120_sNone_168527,212,68,rpe_signature,61392,generic_error,"{""pipeline"": ""True""}",0.8000,8,0,False,
PA-DSE_phago+Full_matmul_B120_sNone_168527,164,68,rpe_signature,61392,generic_error,"{""pipeline"": ""True""}",0.8000,8,0,False,
PA-DSE_phago+Full_matmul_B120_sNone_168527,116,68,rpe_signature,61392,generic_error,"{""pipeline"": ""True""}",0.8000,8,0,False,
PA-DSE_phago+Full_matmul_B120_sNone_168527,272,68,rpe_signature,61392,generic_error,"{""pipeline"": ""True""}",0.8000,8,0,False,
PA-DSE_phago+Full_matmul_B120_sNone_168527,176,68,rpe_signature,61392,generic_error,"{""pipeline"": ""True""}",0.8000,8,0,False,
PA-DSE_phago+Full_matmul_B120_sNone_168527,128,68,rpe_signature,61392,generic_error,"{""pipeline"": ""True""}",0.8000,8,0,False,
PA-DSE_phago+Full_matmul_B120_sNone_168527,261,68,rpe_signature,61392,generic_error,"{""pipeline"": ""True""}",0.8000,8,0,False,
PA-DSE_phago+Full_matmul_B120_sNone_168527,213,68,rpe_signature,61392,generic_error,"{""pipeline"": ""True""}",0.8000,8,0,False,
PA-DSE_phago+Full_matmul_B120_sNone_168527,165,68,rpe_signature,61392,generic_error,"{""pipeline"": ""True""}",0.8000,8,0,False,
PA-DSE_phago+Full_matmul_B120_sNone_168527,117,68,rpe_signature,61392,generic_error,"{""pipeline"": ""True""}",0.8000,8,0,False,
PA-DSE_phago+Full_matmul_B120_sNone_168527,254,68,rpe_signature,61392,generic_error,"{""pipeline"": ""True""}",0.8000,8,0,False,
PA-DSE_phago+Full_matmul_B120_sNone_168527,206,68,rpe_signature,61392,generic_error,"{""pipeline"": ""True""}",0.8000,8,0,False,
PA-DSE_phago+Full_matmul_B120_sNone_168527,158,68,rpe_signature,61392,generic_error,"{""pipeline"": ""True""}",0.8000,8,0,False,
PA-DSE_phago+Full_matmul_B120_sNone_168527,110,68,rpe_signature,61392,generic_error,"{""pipeline"": ""True""}",0.8000,8,0,False,
PA-DSE_phago+Full_matmul_B120_sNone_168527,273,68,rpe_signature,61392,generic_error,"{""pipeline"": ""True""}",0.8000,8,0,False,
PA-DSE_phago+Full_matmul_B120_sNone_168527,225,68,rpe_signature,61392,generic_error,"{""pipeline"": ""True""}",0.8000,8,0,False,
PA-DSE_phago+Full_matmul_B120_sNone_168527,177,68,rpe_signature,61392,generic_error,"{""pipeline"": ""True""}",0.8000,8,0,False,
PA-DSE_phago+Full_matmul_B120_sNone_168527,129,68,rpe_signature,61392,generic_error,"{""pipeline"": ""True""}",0.8000,8,0,False,
PA-DSE_phago+Full_matmul_B120_sNone_168527,218,68,rpe_signature,61392,generic_error,"{""pipeline"": ""True""}",0.8000,8,0,False,
PA-DSE_phago+Full_matmul_B120_sNone_168527,170,68,rpe_signature,61392,generic_error,"{""pipeline"": ""True""}",0.8000,8,0,False,
PA-DSE_phago+Full_matmul_B120_sNone_168527,122,68,rpe_signature,61392,generic_error,"{""pipeline"": ""True""}",0.8000,8,0,False,
PA-DSE_phago+Full_matmul_B120_sNone_168527,255,68,rpe_signature,61392,generic_error,"{""pipeline"": ""True""}",0.8000,8,0,False,
PA-DSE_phago+Full_matmul_B120_sNone_168527,207,68,rpe_signature,61392,generic_error,"{""pipeline"": ""True""}",0.8000,8,0,False,
PA-DSE_phago+Full_matmul_B120_sNone_168527,159,68,rpe_signature,61392,generic_error,"{""pipeline"": ""True""}",0.8000,8,0,False,
PA-DSE_phago+Full_matmul_B120_sNone_168527,111,68,rpe_signature,61392,generic_error,"{""pipeline"": ""True""}",0.8000,8,0,False,
PA-DSE_phago+Full_matmul_B120_sNone_168527,219,68,rpe_signature,61392,generic_error,"{""pipeline"": ""True""}",0.8000,8,0,False,
PA-DSE_phago+Full_matmul_B120_sNone_168527,171,68,rpe_signature,61392,generic_error,"{""pipeline"": ""True""}",0.8000,8,0,False,
PA-DSE_phago+Full_matmul_B120_sNone_168527,123,68,rpe_signature,61392,generic_error,"{""pipeline"": ""True""}",0.8000,8,0,False,
PA-DSE_phago+Full_matmul_B120_sNone_168527,258,68,rpe_signature,61392,generic_error,"{""pipeline"": ""True""}",0.8000,8,0,False,
PA-DSE_phago+Full_matmul_B120_sNone_168527,210,68,rpe_signature,61392,generic_error,"{""pipeline"": ""True""}",0.8000,8,0,False,
PA-DSE_phago+Full_matmul_B120_sNone_168527,162,68,rpe_signature,61392,generic_error,"{""pipeline"": ""True""}",0.8000,8,0,False,
PA-DSE_phago+Full_matmul_B120_sNone_168527,114,68,rpe_signature,61392,generic_error,"{""pipeline"": ""True""}",0.8000,8,0,False,
PA-DSE_phago+Full_matmul_B120_sNone_168527,270,68,rpe_signature,61392,generic_error,"{""pipeline"": ""True""}",0.8000,8,0,False,
PA-DSE_phago+Full_matmul_B120_sNone_168527,222,68,rpe_signature,61392,generic_error,"{""pipeline"": ""True""}",0.8000,8,0,False,
PA-DSE_phago+Full_matmul_B120_sNone_168527,174,68,rpe_signature,61392,generic_error,"{""pipeline"": ""True""}",0.8000,8,0,False,
PA-DSE_phago+Full_matmul_B120_sNone_168527,126,68,rpe_signature,61392,generic_error,"{""pipeline"": ""True""}",0.8000,8,0,False,
PA-DSE_phago+Full_matmul_B120_sNone_168527,252,68,rpe_signature,61392,generic_error,"{""pipeline"": ""True""}",0.8000,8,0,False,
PA-DSE_phago+Full_matmul_B120_sNone_168527,204,68,rpe_signature,61392,generic_error,"{""pipeline"": ""True""}",0.8000,8,0,False,
PA-DSE_phago+Full_matmul_B120_sNone_168527,156,68,rpe_signature,61392,generic_error,"{""pipeline"": ""True""}",0.8000,8,0,False,
PA-DSE_phago+Full_matmul_B120_sNone_168527,108,68,rpe_signature,61392,generic_error,"{""pipeline"": ""True""}",0.8000,8,0,False,
PA-DSE_phago+Full_matmul_B120_sNone_168527,264,68,rpe_signature,61392,generic_error,"{""pipeline"": ""True""}",0.8000,8,0,False,
PA-DSE_phago+Full_matmul_B120_sNone_168527,216,68,rpe_signature,61392,generic_error,"{""pipeline"": ""True""}",0.8000,8,0,False,
PA-DSE_phago+Full_matmul_B120_sNone_168527,168,68,rpe_signature,61392,generic_error,"{""pipeline"": ""True""}",0.8000,8,0,False,
PA-DSE_phago+Full_matmul_B120_sNone_168527,120,68,rpe_signature,61392,generic_error,"{""pipeline"": ""True""}",0.8000,8,0,False,
PA-DSE_phago+Full_matmul_B120_sNone_168527,311,68,rpe_signature,61392,generic_error,"{""pipeline"": ""True""}",0.8000,8,0,False,
PA-DSE_phago+Full_matmul_B120_sNone_168527,323,68,rpe_signature,61392,generic_error,"{""pipeline"": ""True""}",0.8000,8,0,False,
PA-DSE_phago+Full_matmul_B120_sNone_168527,305,68,rpe_signature,61392,generic_error,"{""pipeline"": ""True""}",0.8000,8,0,False,
PA-DSE_phago+Full_matmul_B120_sNone_168527,317,68,rpe_signature,61392,generic_error,"{""pipeline"": ""True""}",0.8000,8,0,False,
PA-DSE_phago+Full_matmul_B120_sNone_168527,371,68,rpe_signature,61392,generic_error,"{""pipeline"": ""True""}",0.8000,8,0,False,
PA-DSE_phago+Full_matmul_B120_sNone_168527,407,68,rpe_signature,61392,generic_error,"{""pipeline"": ""True""}",0.8000,8,0,False,
PA-DSE_phago+Full_matmul_B120_sNone_168527,353,68,rpe_signature,61392,generic_error,"{""pipeline"": ""True""}",0.8000,8,0,False,
PA-DSE_phago+Full_matmul_B120_sNone_168527,365,68,rpe_signature,61392,generic_error,"{""pipeline"": ""True""}",0.8000,8,0,False,
PA-DSE_phago+Full_matmul_B120_sNone_168527,401,68,rpe_signature,61392,generic_error,"{""pipeline"": ""True""}",0.8000,8,0,False,
PA-DSE_phago+Full_matmul_B120_sNone_168527,413,68,rpe_signature,61392,generic_error,"{""pipeline"": ""True""}",0.8000,8,0,False,
PA-DSE_phago+Full_matmul_B120_sNone_168527,308,68,rpe_signature,61392,generic_error,"{""pipeline"": ""True""}",0.8000,8,0,False,
PA-DSE_phago+Full_matmul_B120_sNone_168527,320,68,rpe_signature,61392,generic_error,"{""pipeline"": ""True""}",0.8000,8,0,False,
PA-DSE_phago+Full_matmul_B120_sNone_168527,309,68,rpe_signature,61392,generic_error,"{""pipeline"": ""True""}",0.8000,8,0,False,
PA-DSE_phago+Full_matmul_B120_sNone_168527,302,68,rpe_signature,61392,generic_error,"{""pipeline"": ""True""}",0.8000,8,0,False,
PA-DSE_phago+Full_matmul_B120_sNone_168527,321,68,rpe_signature,61392,generic_error,"{""pipeline"": ""True""}",0.8000,8,0,False,
PA-DSE_phago+Full_matmul_B120_sNone_168527,303,68,rpe_signature,61392,generic_error,"{""pipeline"": ""True""}",0.8000,8,0,False,
PA-DSE_phago+Full_matmul_B120_sNone_168527,315,68,rpe_signature,61392,generic_error,"{""pipeline"": ""True""}",0.8000,8,0,False,
PA-DSE_phago+Full_matmul_B120_sNone_168527,356,68,rpe_signature,61392,generic_error,"{""pipeline"": ""True""}",0.8000,8,0,False,
PA-DSE_phago+Full_matmul_B120_sNone_168527,368,68,rpe_signature,61392,generic_error,"{""pipeline"": ""True""}",0.8000,8,0,False,
PA-DSE_phago+Full_matmul_B120_sNone_168527,404,68,rpe_signature,61392,generic_error,"{""pipeline"": ""True""}",0.8000,8,0,False,
PA-DSE_phago+Full_matmul_B120_sNone_168527,416,68,rpe_signature,61392,generic_error,"{""pipeline"": ""True""}",0.8000,8,0,False,
PA-DSE_phago+Full_matmul_B120_sNone_168527,357,68,rpe_signature,61392,generic_error,"{""pipeline"": ""True""}",0.8000,8,0,False,
PA-DSE_phago+Full_matmul_B120_sNone_168527,350,68,rpe_signature,61392,generic_error,"{""pipeline"": ""True""}",0.8000,8,0,False,
PA-DSE_phago+Full_matmul_B120_sNone_168527,369,68,rpe_signature,61392,generic_error,"{""pipeline"": ""True""}",0.8000,8,0,False,
PA-DSE_phago+Full_matmul_B120_sNone_168527,362,68,rpe_signature,61392,generic_error,"{""pipeline"": ""True""}",0.8000,8,0,False,
PA-DSE_phago+Full_matmul_B120_sNone_168527,405,68,rpe_signature,61392,generic_error,"{""pipeline"": ""True""}",0.8000,8,0,False,
PA-DSE_phago+Full_matmul_B120_sNone_168527,398,68,rpe_signature,61392,generic_error,"{""pipeline"": ""True""}",0.8000,8,0,False,
PA-DSE_phago+Full_matmul_B120_sNone_168527,410,68,rpe_signature,61392,generic_error,"{""pipeline"": ""True""}",0.8000,8,0,False,
PA-DSE_phago+Full_matmul_B120_sNone_168527,351,68,rpe_signature,61392,generic_error,"{""pipeline"": ""True""}",0.8000,8,0,False,
PA-DSE_phago+Full_matmul_B120_sNone_168527,363,68,rpe_signature,61392,generic_error,"{""pipeline"": ""True""}",0.8000,8,0,False,
PA-DSE_phago+Full_matmul_B120_sNone_168527,399,68,rpe_signature,61392,generic_error,"{""pipeline"": ""True""}",0.8000,8,0,False,
PA-DSE_phago+Full_matmul_B120_sNone_168527,411,68,rpe_signature,61392,generic_error,"{""pipeline"": ""True""}",0.8000,8,0,False,
PA-DSE_phago+Full_matmul_B120_sNone_168527,306,68,rpe_signature,61392,generic_error,"{""pipeline"": ""True""}",0.8000,8,0,False,
PA-DSE_phago+Full_matmul_B120_sNone_168527,318,68,rpe_signature,61392,generic_error,"{""pipeline"": ""True""}",0.8000,8,0,False,
PA-DSE_phago+Full_matmul_B120_sNone_168527,300,68,rpe_signature,61392,generic_error,"{""pipeline"": ""True""}",0.8000,8,0,False,
PA-DSE_phago+Full_matmul_B120_sNone_168527,312,68,rpe_signature,61392,generic_error,"{""pipeline"": ""True""}",0.8000,8,0,False,
PA-DSE_phago+Full_matmul_B120_sNone_168527,354,68,rpe_signature,61392,generic_error,"{""pipeline"": ""True""}",0.8000,8,0,False,
PA-DSE_phago+Full_matmul_B120_sNone_168527,402,68,rpe_signature,61392,generic_error,"{""pipeline"": ""True""}",0.8000,8,0,False,
PA-DSE_phago+Full_matmul_B120_sNone_168527,414,68,rpe_signature,61392,generic_error,"{""pipeline"": ""True""}",0.8000,8,0,False,
PA-DSE_phago+Full_matmul_B120_sNone_168527,348,68,rpe_signature,61392,generic_error,"{""pipeline"": ""True""}",0.8000,8,0,False,
PA-DSE_phago+Full_matmul_B120_sNone_168527,360,68,rpe_signature,61392,generic_error,"{""pipeline"": ""True""}",0.8000,8,0,False,
PA-DSE_phago+Full_matmul_B120_sNone_168527,396,68,rpe_signature,61392,generic_error,"{""pipeline"": ""True""}",0.8000,8,0,False,
PA-DSE_phago+Full_matmul_B120_sNone_168527,408,68,rpe_signature,61392,generic_error,"{""pipeline"": ""True""}",0.8000,8,0,False,
PA-DSE_phago+Full_matmul_B120_sNone_168527,251,68,rpe_signature,61392,generic_error,"{""pipeline"": ""True""}",0.8000,8,0,False,
PA-DSE_phago+Full_matmul_B120_sNone_168527,203,68,rpe_signature,61392,generic_error,"{""pipeline"": ""True""}",0.8000,8,0,False,
PA-DSE_phago+Full_matmul_B120_sNone_168527,155,68,rpe_signature,61392,generic_error,"{""pipeline"": ""True""}",0.8000,8,0,False,
PA-DSE_phago+Full_matmul_B120_sNone_168527,107,68,rpe_signature,61392,generic_error,"{""pipeline"": ""True""}",0.8000,8,0,False,
PA-DSE_phago+Full_matmul_B120_sNone_168527,245,68,rpe_signature,61392,generic_error,"{""pipeline"": ""True""}",0.8000,8,0,False,
PA-DSE_phago+Full_matmul_B120_sNone_168527,197,68,rpe_signature,61392,generic_error,"{""pipeline"": ""True""}",0.8000,8,0,False,
PA-DSE_phago+Full_matmul_B120_sNone_168527,149,68,rpe_signature,61392,generic_error,"{""pipeline"": ""True""}",0.8000,8,0,False,
PA-DSE_phago+Full_matmul_B120_sNone_168527,101,68,rpe_signature,61392,generic_error,"{""pipeline"": ""True""}",0.8000,8,0,False,
PA-DSE_phago+Full_matmul_B120_sNone_168527,239,68,rpe_signature,61392,generic_error,"{""pipeline"": ""True""}",0.8000,8,0,False,
PA-DSE_phago+Full_matmul_B120_sNone_168527,191,68,rpe_signature,61392,generic_error,"{""pipeline"": ""True""}",0.8000,8,0,False,
PA-DSE_phago+Full_matmul_B120_sNone_168527,143,68,rpe_signature,61392,generic_error,"{""pipeline"": ""True""}",0.8000,8,0,False,
PA-DSE_phago+Full_matmul_B120_sNone_168527,95,68,rpe_signature,61392,generic_error,"{""pipeline"": ""True""}",0.8000,8,0,False,
PA-DSE_phago+Full_matmul_B120_sNone_168527,233,68,rpe_signature,61392,generic_error,"{""pipeline"": ""True""}",0.8000,8,0,False,
PA-DSE_phago+Full_matmul_B120_sNone_168527,185,68,rpe_signature,61392,generic_error,"{""pipeline"": ""True""}",0.8000,8,0,False,
PA-DSE_phago+Full_matmul_B120_sNone_168527,137,68,rpe_signature,61392,generic_error,"{""pipeline"": ""True""}",0.8000,8,0,False,
PA-DSE_phago+Full_matmul_B120_sNone_168527,89,68,rpe_signature,61392,generic_error,"{""pipeline"": ""True""}",0.8000,8,0,False,
PA-DSE_phago+Full_matmul_B120_sNone_168527,248,68,rpe_signature,61392,generic_error,"{""pipeline"": ""True""}",0.8000,8,0,False,
PA-DSE_phago+Full_matmul_B120_sNone_168527,152,68,rpe_signature,61392,generic_error,"{""pipeline"": ""True""}",0.8000,8,0,False,
PA-DSE_phago+Full_matmul_B120_sNone_168527,249,68,rpe_signature,61392,generic_error,"{""pipeline"": ""True""}",0.8000,8,0,False,
PA-DSE_phago+Full_matmul_B120_sNone_168527,201,68,rpe_signature,61392,generic_error,"{""pipeline"": ""True""}",0.8000,8,0,False,
PA-DSE_phago+Full_matmul_B120_sNone_168527,105,68,rpe_signature,61392,generic_error,"{""pipeline"": ""True""}",0.8000,8,0,False,
PA-DSE_phago+Full_matmul_B120_sNone_168527,242,68,rpe_signature,61392,generic_error,"{""pipeline"": ""True""}",0.8000,8,0,False,
PA-DSE_phago+Full_matmul_B120_sNone_168527,194,68,rpe_signature,61392,generic_error,"{""pipeline"": ""True""}",0.8000,8,0,False,
PA-DSE_phago+Full_matmul_B120_sNone_168527,146,68,rpe_signature,61392,generic_error,"{""pipeline"": ""True""}",0.8000,8,0,False,
PA-DSE_phago+Full_matmul_B120_sNone_168527,98,68,rpe_signature,61392,generic_error,"{""pipeline"": ""True""}",0.8000,8,0,False,
PA-DSE_phago+Full_matmul_B120_sNone_168527,243,68,rpe_signature,61392,generic_error,"{""pipeline"": ""True""}",0.8000,8,0,False,
PA-DSE_phago+Full_matmul_B120_sNone_168527,195,68,rpe_signature,61392,generic_error,"{""pipeline"": ""True""}",0.8000,8,0,False,
PA-DSE_phago+Full_matmul_B120_sNone_168527,147,68,rpe_signature,61392,generic_error,"{""pipeline"": ""True""}",0.8000,8,0,False,
PA-DSE_phago+Full_matmul_B120_sNone_168527,99,68,rpe_signature,61392,generic_error,"{""pipeline"": ""True""}",0.8000,8,0,False,
PA-DSE_phago+Full_matmul_B120_sNone_168527,236,68,rpe_signature,61392,generic_error,"{""pipeline"": ""True""}",0.8000,8,0,False,
PA-DSE_phago+Full_matmul_B120_sNone_168527,188,68,rpe_signature,61392,generic_error,"{""pipeline"": ""True""}",0.8000,8,0,False,
PA-DSE_phago+Full_matmul_B120_sNone_168527,140,68,rpe_signature,61392,generic_error,"{""pipeline"": ""True""}",0.8000,8,0,False,
PA-DSE_phago+Full_matmul_B120_sNone_168527,92,68,rpe_signature,61392,generic_error,"{""pipeline"": ""True""}",0.8000,8,0,False,
PA-DSE_phago+Full_matmul_B120_sNone_168527,237,68,rpe_signature,61392,generic_error,"{""pipeline"": ""True""}",0.8000,8,0,False,
PA-DSE_phago+Full_matmul_B120_sNone_168527,189,68,rpe_signature,61392,generic_error,"{""pipeline"": ""True""}",0.8000,8,0,False,
PA-DSE_phago+Full_matmul_B120_sNone_168527,141,68,rpe_signature,61392,generic_error,"{""pipeline"": ""True""}",0.8000,8,0,False,
PA-DSE_phago+Full_matmul_B120_sNone_168527,93,68,rpe_signature,61392,generic_error,"{""pipeline"": ""True""}",0.8000,8,0,False,
PA-DSE_phago+Full_matmul_B120_sNone_168527,230,68,rpe_signature,61392,generic_error,"{""pipeline"": ""True""}",0.8000,8,0,False,
PA-DSE_phago+Full_matmul_B120_sNone_168527,182,68,rpe_signature,61392,generic_error,"{""pipeline"": ""True""}",0.8000,8,0,False,
PA-DSE_phago+Full_matmul_B120_sNone_168527,134,68,rpe_signature,61392,generic_error,"{""pipeline"": ""True""}",0.8000,8,0,False,
PA-DSE_phago+Full_matmul_B120_sNone_168527,86,68,rpe_signature,61392,generic_error,"{""pipeline"": ""True""}",0.8000,8,0,False,
PA-DSE_phago+Full_matmul_B120_sNone_168527,231,68,rpe_signature,61392,generic_error,"{""pipeline"": ""True""}",0.8000,8,0,False,
PA-DSE_phago+Full_matmul_B120_sNone_168527,183,68,rpe_signature,61392,generic_error,"{""pipeline"": ""True""}",0.8000,8,0,False,
PA-DSE_phago+Full_matmul_B120_sNone_168527,135,68,rpe_signature,61392,generic_error,"{""pipeline"": ""True""}",0.8000,8,0,False,
PA-DSE_phago+Full_matmul_B120_sNone_168527,87,68,rpe_signature,61392,generic_error,"{""pipeline"": ""True""}",0.8000,8,0,False,
PA-DSE_phago+Full_matmul_B120_sNone_168527,246,68,rpe_signature,61392,generic_error,"{""pipeline"": ""True""}",0.8000,8,0,False,
PA-DSE_phago+Full_matmul_B120_sNone_168527,198,68,rpe_signature,61392,generic_error,"{""pipeline"": ""True""}",0.8000,8,0,False,
PA-DSE_phago+Full_matmul_B120_sNone_168527,150,68,rpe_signature,61392,generic_error,"{""pipeline"": ""True""}",0.8000,8,0,False,
PA-DSE_phago+Full_matmul_B120_sNone_168527,102,68,rpe_signature,61392,generic_error,"{""pipeline"": ""True""}",0.8000,8,0,False,
PA-DSE_phago+Full_matmul_B120_sNone_168527,240,68,rpe_signature,61392,generic_error,"{""pipeline"": ""True""}",0.8000,8,0,False,
PA-DSE_phago+Full_matmul_B120_sNone_168527,192,68,rpe_signature,61392,generic_error,"{""pipeline"": ""True""}",0.8000,8,0,False,
PA-DSE_phago+Full_matmul_B120_sNone_168527,144,68,rpe_signature,61392,generic_error,"{""pipeline"": ""True""}",0.8000,8,0,False,
PA-DSE_phago+Full_matmul_B120_sNone_168527,96,68,rpe_signature,61392,generic_error,"{""pipeline"": ""True""}",0.8000,8,0,False,
PA-DSE_phago+Full_matmul_B120_sNone_168527,234,68,rpe_signature,61392,generic_error,"{""pipeline"": ""True""}",0.8000,8,0,False,
PA-DSE_phago+Full_matmul_B120_sNone_168527,186,68,rpe_signature,61392,generic_error,"{""pipeline"": ""True""}",0.8000,8,0,False,
PA-DSE_phago+Full_matmul_B120_sNone_168527,138,68,rpe_signature,61392,generic_error,"{""pipeline"": ""True""}",0.8000,8,0,False,
PA-DSE_phago+Full_matmul_B120_sNone_168527,90,68,rpe_signature,61392,generic_error,"{""pipeline"": ""True""}",0.8000,8,0,False,
PA-DSE_phago+Full_matmul_B120_sNone_168527,228,68,rpe_signature,61392,generic_error,"{""pipeline"": ""True""}",0.8000,8,0,False,
PA-DSE_phago+Full_matmul_B120_sNone_168527,180,68,rpe_signature,61392,generic_error,"{""pipeline"": ""True""}",0.8000,8,0,False,
PA-DSE_phago+Full_matmul_B120_sNone_168527,132,68,rpe_signature,61392,generic_error,"{""pipeline"": ""True""}",0.8000,8,0,False,
PA-DSE_phago+Full_matmul_B120_sNone_168527,299,68,rpe_signature,61392,generic_error,"{""pipeline"": ""True""}",0.8000,8,0,False,
PA-DSE_phago+Full_matmul_B120_sNone_168527,293,68,rpe_signature,61392,generic_error,"{""pipeline"": ""True""}",0.8000,8,0,False,
PA-DSE_phago+Full_matmul_B120_sNone_168527,347,68,rpe_signature,61392,generic_error,"{""pipeline"": ""True""}",0.8000,8,0,False,
PA-DSE_phago+Full_matmul_B120_sNone_168527,395,68,rpe_signature,61392,generic_error,"{""pipeline"": ""True""}",0.8000,8,0,False,
PA-DSE_phago+Full_matmul_B120_sNone_168527,341,68,rpe_signature,61392,generic_error,"{""pipeline"": ""True""}",0.8000,8,0,False,
PA-DSE_phago+Full_matmul_B120_sNone_168527,389,68,rpe_signature,61392,generic_error,"{""pipeline"": ""True""}",0.8000,8,0,False,
PA-DSE_phago+Full_matmul_B120_sNone_168527,287,68,rpe_signature,61392,generic_error,"{""pipeline"": ""True""}",0.8000,8,0,False,
PA-DSE_phago+Full_matmul_B120_sNone_168527,281,68,rpe_signature,61392,generic_error,"{""pipeline"": ""True""}",0.8000,8,0,False,
PA-DSE_phago+Full_matmul_B120_sNone_168527,335,68,rpe_signature,61392,generic_error,"{""pipeline"": ""True""}",0.8000,8,0,False,
PA-DSE_phago+Full_matmul_B120_sNone_168527,383,68,rpe_signature,61392,generic_error,"{""pipeline"": ""True""}",0.8000,8,0,False,
PA-DSE_phago+Full_matmul_B120_sNone_168527,329,68,rpe_signature,61392,generic_error,"{""pipeline"": ""True""}",0.8000,8,0,False,
PA-DSE_phago+Full_matmul_B120_sNone_168527,377,68,rpe_signature,61392,generic_error,"{""pipeline"": ""True""}",0.8000,8,0,False,
PA-DSE_phago+Full_matmul_B120_sNone_168527,296,68,rpe_signature,61392,generic_error,"{""pipeline"": ""True""}",0.8000,8,0,False,
PA-DSE_phago+Full_matmul_B120_sNone_168527,297,68,rpe_signature,61392,generic_error,"{""pipeline"": ""True""}",0.8000,8,0,False,
PA-DSE_phago+Full_matmul_B120_sNone_168527,290,68,rpe_signature,61392,generic_error,"{""pipeline"": ""True""}",0.8000,8,0,False,
PA-DSE_phago+Full_matmul_B120_sNone_168527,291,68,rpe_signature,61392,generic_error,"{""pipeline"": ""True""}",0.8000,8,0,False,
PA-DSE_phago+Full_matmul_B120_sNone_168527,344,68,rpe_signature,61392,generic_error,"{""pipeline"": ""True""}",0.8000,8,0,False,
PA-DSE_phago+Full_matmul_B120_sNone_168527,392,68,rpe_signature,61392,generic_error,"{""pipeline"": ""True""}",0.8000,8,0,False,
PA-DSE_phago+Full_matmul_B120_sNone_168527,345,68,rpe_signature,61392,generic_error,"{""pipeline"": ""True""}",0.8000,8,0,False,
PA-DSE_phago+Full_matmul_B120_sNone_168527,338,68,rpe_signature,61392,generic_error,"{""pipeline"": ""True""}",0.8000,8,0,False,
PA-DSE_phago+Full_matmul_B120_sNone_168527,393,68,rpe_signature,61392,generic_error,"{""pipeline"": ""True""}",0.8000,8,0,False,
PA-DSE_phago+Full_matmul_B120_sNone_168527,386,68,rpe_signature,61392,generic_error,"{""pipeline"": ""True""}",0.8000,8,0,False,
PA-DSE_phago+Full_matmul_B120_sNone_168527,339,68,rpe_signature,61392,generic_error,"{""pipeline"": ""True""}",0.8000,8,0,False,
PA-DSE_phago+Full_matmul_B120_sNone_168527,387,68,rpe_signature,61392,generic_error,"{""pipeline"": ""True""}",0.8000,8,0,False,
PA-DSE_phago+Full_matmul_B120_sNone_168527,284,68,rpe_signature,61392,generic_error,"{""pipeline"": ""True""}",0.8000,8,0,False,
PA-DSE_phago+Full_matmul_B120_sNone_168527,285,68,rpe_signature,61392,generic_error,"{""pipeline"": ""True""}",0.8000,8,0,False,
PA-DSE_phago+Full_matmul_B120_sNone_168527,278,68,rpe_signature,61392,generic_error,"{""pipeline"": ""True""}",0.8000,8,0,False,
PA-DSE_phago+Full_matmul_B120_sNone_168527,279,68,rpe_signature,61392,generic_error,"{""pipeline"": ""True""}",0.8000,8,0,False,
PA-DSE_phago+Full_matmul_B120_sNone_168527,332,68,rpe_signature,61392,generic_error,"{""pipeline"": ""True""}",0.8000,8,0,False,
PA-DSE_phago+Full_matmul_B120_sNone_168527,380,68,rpe_signature,61392,generic_error,"{""pipeline"": ""True""}",0.8000,8,0,False,
PA-DSE_phago+Full_matmul_B120_sNone_168527,333,68,rpe_signature,61392,generic_error,"{""pipeline"": ""True""}",0.8000,8,0,False,
PA-DSE_phago+Full_matmul_B120_sNone_168527,326,68,rpe_signature,61392,generic_error,"{""pipeline"": ""True""}",0.8000,8,0,False,
PA-DSE_phago+Full_matmul_B120_sNone_168527,381,68,rpe_signature,61392,generic_error,"{""pipeline"": ""True""}",0.8000,8,0,False,
PA-DSE_phago+Full_matmul_B120_sNone_168527,374,68,rpe_signature,61392,generic_error,"{""pipeline"": ""True""}",0.8000,8,0,False,
PA-DSE_phago+Full_matmul_B120_sNone_168527,288,68,rpe_signature,61392,generic_error,"{""pipeline"": ""True""}",0.8000,8,0,False,
PA-DSE_phago+Full_matmul_B120_sNone_168527,342,68,rpe_signature,61392,generic_error,"{""pipeline"": ""True""}",0.8000,8,0,False,
PA-DSE_phago+Full_matmul_B120_sNone_168527,336,68,rpe_signature,61392,generic_error,"{""pipeline"": ""True""}",0.8000,8,0,False,
PA-DSE_phago+Full_matmul_B120_sNone_168527,384,68,rpe_signature,61392,generic_error,"{""pipeline"": ""True""}",0.8000,8,0,False,
PA-DSE_phago+Full_matmul_B120_sNone_168527,282,68,rpe_signature,61392,generic_error,"{""pipeline"": ""True""}",0.8000,8,0,False,
PA-DSE_phago+Full_matmul_B120_sNone_168527,276,68,rpe_signature,61392,generic_error,"{""pipeline"": ""True""}",0.8000,8,0,False,
PA-DSE_phago+Full_matmul_B120_sNone_168527,330,68,rpe_signature,61392,generic_error,"{""pipeline"": ""True""}",0.8000,8,0,False,
PA-DSE_phago+Full_matmul_B120_sNone_168527,378,68,rpe_signature,61392,generic_error,"{""pipeline"": ""True""}",0.8000,8,0,False,
PA-DSE_phago+Full_matmul_B120_sNone_168527,324,68,rpe_signature,61392,generic_error,"{""pipeline"": ""True""}",0.8000,8,0,False,
PA-DSE_phago+Full_matmul_B120_sNone_168527,372,68,rpe_signature,61392,generic_error,"{""pipeline"": ""True""}",0.8000,8,0,False,
PA-DSE_phago+Full_matmul_B120_sNone_168527,173,69,rpe_signature,61392,generic_error,"{""pipeline"": ""True""}",0.8182,9,0,False,
PA-DSE_phago+Full_matmul_B120_sNone_168527,267,69,rpe_signature,61392,generic_error,"{""pipeline"": ""True""}",0.8182,9,0,False,
PA-DSE_phago+Full_matmul_B120_sNone_168527,417,69,rpe_signature,61392,generic_error,"{""pipeline"": ""True""}",0.8182,9,0,False,
PA-DSE_phago+Full_matmul_B120_sNone_168527,366,69,rpe_signature,61392,generic_error,"{""pipeline"": ""True""}",0.8182,9,0,False,
PA-DSE_phago+Full_matmul_B120_sNone_168527,419,69,rpe_signature,61392,generic_error,"{""pipeline"": ""True""}",0.8182,9,0,False,
PA-DSE_phago+Full_matmul_B120_sNone_168527,200,69,rpe_signature,61392,generic_error,"{""pipeline"": ""True""}",0.8182,9,0,False,
PA-DSE_phago+Full_matmul_B120_sNone_168527,104,69,rpe_signature,61392,generic_error,"{""pipeline"": ""True""}",0.8182,9,0,False,
PA-DSE_phago+Full_matmul_B120_sNone_168527,113,69,rpe_signature,61392,generic_error,"{""pipeline"": ""True""}",0.8182,9,0,False,
PA-DSE_phago+Full_matmul_B120_sNone_168527,119,69,rpe_signature,61392,generic_error,"{""pipeline"": ""True""}",0.8182,9,0,False,
PA-DSE_phago+Full_matmul_B160_sNone_1561502,167,68,rpe_signature,62672,generic_error,"{""pipeline"": ""True""}",0.8000,8,0,False,
PA-DSE_phago+Full_matmul_B160_sNone_1561502,275,68,rpe_signature,62672,generic_error,"{""pipeline"": ""True""}",0.8000,8,0,False,
PA-DSE_phago+Full_matmul_B160_sNone_1561502,227,68,rpe_signature,62672,generic_error,"{""pipeline"": ""True""}",0.8000,8,0,False,
PA-DSE_phago+Full_matmul_B160_sNone_1561502,179,68,rpe_signature,62672,generic_error,"{""pipeline"": ""True""}",0.8000,8,0,False,
PA-DSE_phago+Full_matmul_B160_sNone_1561502,131,68,rpe_signature,62672,generic_error,"{""pipeline"": ""True""}",0.8000,8,0,False,
PA-DSE_phago+Full_matmul_B160_sNone_1561502,257,68,rpe_signature,62672,generic_error,"{""pipeline"": ""True""}",0.8000,8,0,False,
PA-DSE_phago+Full_matmul_B160_sNone_1561502,209,68,rpe_signature,62672,generic_error,"{""pipeline"": ""True""}",0.8000,8,0,False,
PA-DSE_phago+Full_matmul_B160_sNone_1561502,161,68,rpe_signature,62672,generic_error,"{""pipeline"": ""True""}",0.8000,8,0,False,
PA-DSE_phago+Full_matmul_B160_sNone_1561502,269,68,rpe_signature,62672,generic_error,"{""pipeline"": ""True""}",0.8000,8,0,False,
PA-DSE_phago+Full_matmul_B160_sNone_1561502,221,68,rpe_signature,62672,generic_error,"{""pipeline"": ""True""}",0.8000,8,0,False,
PA-DSE_phago+Full_matmul_B160_sNone_1561502,125,68,rpe_signature,62672,generic_error,"{""pipeline"": ""True""}",0.8000,8,0,False,
PA-DSE_phago+Full_matmul_B160_sNone_1561502,260,68,rpe_signature,62672,generic_error,"{""pipeline"": ""True""}",0.8000,8,0,False,
PA-DSE_phago+Full_matmul_B160_sNone_1561502,212,68,rpe_signature,62672,generic_error,"{""pipeline"": ""True""}",0.8000,8,0,False,
PA-DSE_phago+Full_matmul_B160_sNone_1561502,164,68,rpe_signature,62672,generic_error,"{""pipeline"": ""True""}",0.8000,8,0,False,
PA-DSE_phago+Full_matmul_B160_sNone_1561502,116,68,rpe_signature,62672,generic_error,"{""pipeline"": ""True""}",0.8000,8,0,False,
PA-DSE_phago+Full_matmul_B160_sNone_1561502,272,68,rpe_signature,62672,generic_error,"{""pipeline"": ""True""}",0.8000,8,0,False,
PA-DSE_phago+Full_matmul_B160_sNone_1561502,176,68,rpe_signature,62672,generic_error,"{""pipeline"": ""True""}",0.8000,8,0,False,
PA-DSE_phago+Full_matmul_B160_sNone_1561502,128,68,rpe_signature,62672,generic_error,"{""pipeline"": ""True""}",0.8000,8,0,False,
PA-DSE_phago+Full_matmul_B160_sNone_1561502,261,68,rpe_signature,62672,generic_error,"{""pipeline"": ""True""}",0.8000,8,0,False,
PA-DSE_phago+Full_matmul_B160_sNone_1561502,213,68,rpe_signature,62672,generic_error,"{""pipeline"": ""True""}",0.8000,8,0,False,
PA-DSE_phago+Full_matmul_B160_sNone_1561502,165,68,rpe_signature,62672,generic_error,"{""pipeline"": ""True""}",0.8000,8,0,False,
PA-DSE_phago+Full_matmul_B160_sNone_1561502,117,68,rpe_signature,62672,generic_error,"{""pipeline"": ""True""}",0.8000,8,0,False,
PA-DSE_phago+Full_matmul_B160_sNone_1561502,254,68,rpe_signature,62672,generic_error,"{""pipeline"": ""True""}",0.8000,8,0,False,
PA-DSE_phago+Full_matmul_B160_sNone_1561502,206,68,rpe_signature,62672,generic_error,"{""pipeline"": ""True""}",0.8000,8,0,False,
PA-DSE_phago+Full_matmul_B160_sNone_1561502,158,68,rpe_signature,62672,generic_error,"{""pipeline"": ""True""}",0.8000,8,0,False,
PA-DSE_phago+Full_matmul_B160_sNone_1561502,110,68,rpe_signature,62672,generic_error,"{""pipeline"": ""True""}",0.8000,8,0,False,
PA-DSE_phago+Full_matmul_B160_sNone_1561502,273,68,rpe_signature,62672,generic_error,"{""pipeline"": ""True""}",0.8000,8,0,False,
PA-DSE_phago+Full_matmul_B160_sNone_1561502,225,68,rpe_signature,62672,generic_error,"{""pipeline"": ""True""}",0.8000,8,0,False,
PA-DSE_phago+Full_matmul_B160_sNone_1561502,177,68,rpe_signature,62672,generic_error,"{""pipeline"": ""True""}",0.8000,8,0,False,
PA-DSE_phago+Full_matmul_B160_sNone_1561502,129,68,rpe_signature,62672,generic_error,"{""pipeline"": ""True""}",0.8000,8,0,False,
PA-DSE_phago+Full_matmul_B160_sNone_1561502,218,68,rpe_signature,62672,generic_error,"{""pipeline"": ""True""}",0.8000,8,0,False,
PA-DSE_phago+Full_matmul_B160_sNone_1561502,170,68,rpe_signature,62672,generic_error,"{""pipeline"": ""True""}",0.8000,8,0,False,
PA-DSE_phago+Full_matmul_B160_sNone_1561502,122,68,rpe_signature,62672,generic_error,"{""pipeline"": ""True""}",0.8000,8,0,False,
PA-DSE_phago+Full_matmul_B160_sNone_1561502,255,68,rpe_signature,62672,generic_error,"{""pipeline"": ""True""}",0.8000,8,0,False,
PA-DSE_phago+Full_matmul_B160_sNone_1561502,207,68,rpe_signature,62672,generic_error,"{""pipeline"": ""True""}",0.8000,8,0,False,
PA-DSE_phago+Full_matmul_B160_sNone_1561502,159,68,rpe_signature,62672,generic_error,"{""pipeline"": ""True""}",0.8000,8,0,False,
PA-DSE_phago+Full_matmul_B160_sNone_1561502,111,68,rpe_signature,62672,generic_error,"{""pipeline"": ""True""}",0.8000,8,0,False,
PA-DSE_phago+Full_matmul_B160_sNone_1561502,219,68,rpe_signature,62672,generic_error,"{""pipeline"": ""True""}",0.8000,8,0,False,
PA-DSE_phago+Full_matmul_B160_sNone_1561502,171,68,rpe_signature,62672,generic_error,"{""pipeline"": ""True""}",0.8000,8,0,False,
PA-DSE_phago+Full_matmul_B160_sNone_1561502,123,68,rpe_signature,62672,generic_error,"{""pipeline"": ""True""}",0.8000,8,0,False,
PA-DSE_phago+Full_matmul_B160_sNone_1561502,258,68,rpe_signature,62672,generic_error,"{""pipeline"": ""True""}",0.8000,8,0,False,
PA-DSE_phago+Full_matmul_B160_sNone_1561502,210,68,rpe_signature,62672,generic_error,"{""pipeline"": ""True""}",0.8000,8,0,False,
PA-DSE_phago+Full_matmul_B160_sNone_1561502,162,68,rpe_signature,62672,generic_error,"{""pipeline"": ""True""}",0.8000,8,0,False,
PA-DSE_phago+Full_matmul_B160_sNone_1561502,114,68,rpe_signature,62672,generic_error,"{""pipeline"": ""True""}",0.8000,8,0,False,
PA-DSE_phago+Full_matmul_B160_sNone_1561502,270,68,rpe_signature,62672,generic_error,"{""pipeline"": ""True""}",0.8000,8,0,False,
PA-DSE_phago+Full_matmul_B160_sNone_1561502,222,68,rpe_signature,62672,generic_error,"{""pipeline"": ""True""}",0.8000,8,0,False,
PA-DSE_phago+Full_matmul_B160_sNone_1561502,174,68,rpe_signature,62672,generic_error,"{""pipeline"": ""True""}",0.8000,8,0,False,
PA-DSE_phago+Full_matmul_B160_sNone_1561502,126,68,rpe_signature,62672,generic_error,"{""pipeline"": ""True""}",0.8000,8,0,False,
PA-DSE_phago+Full_matmul_B160_sNone_1561502,252,68,rpe_signature,62672,generic_error,"{""pipeline"": ""True""}",0.8000,8,0,False,
PA-DSE_phago+Full_matmul_B160_sNone_1561502,204,68,rpe_signature,62672,generic_error,"{""pipeline"": ""True""}",0.8000,8,0,False,
PA-DSE_phago+Full_matmul_B160_sNone_1561502,156,68,rpe_signature,62672,generic_error,"{""pipeline"": ""True""}",0.8000,8,0,False,
PA-DSE_phago+Full_matmul_B160_sNone_1561502,108,68,rpe_signature,62672,generic_error,"{""pipeline"": ""True""}",0.8000,8,0,False,
PA-DSE_phago+Full_matmul_B160_sNone_1561502,264,68,rpe_signature,62672,generic_error,"{""pipeline"": ""True""}",0.8000,8,0,False,
PA-DSE_phago+Full_matmul_B160_sNone_1561502,216,68,rpe_signature,62672,generic_error,"{""pipeline"": ""True""}",0.8000,8,0,False,
PA-DSE_phago+Full_matmul_B160_sNone_1561502,168,68,rpe_signature,62672,generic_error,"{""pipeline"": ""True""}",0.8000,8,0,False,
PA-DSE_phago+Full_matmul_B160_sNone_1561502,120,68,rpe_signature,62672,generic_error,"{""pipeline"": ""True""}",0.8000,8,0,False,
PA-DSE_phago+Full_matmul_B160_sNone_1561502,311,68,rpe_signature,62672,generic_error,"{""pipeline"": ""True""}",0.8000,8,0,False,
PA-DSE_phago+Full_matmul_B160_sNone_1561502,323,68,rpe_signature,62672,generic_error,"{""pipeline"": ""True""}",0.8000,8,0,False,
PA-DSE_phago+Full_matmul_B160_sNone_1561502,305,68,rpe_signature,62672,generic_error,"{""pipeline"": ""True""}",0.8000,8,0,False,
PA-DSE_phago+Full_matmul_B160_sNone_1561502,317,68,rpe_signature,62672,generic_error,"{""pipeline"": ""True""}",0.8000,8,0,False,
PA-DSE_phago+Full_matmul_B160_sNone_1561502,371,68,rpe_signature,62672,generic_error,"{""pipeline"": ""True""}",0.8000,8,0,False,
PA-DSE_phago+Full_matmul_B160_sNone_1561502,407,68,rpe_signature,62672,generic_error,"{""pipeline"": ""True""}",0.8000,8,0,False,
PA-DSE_phago+Full_matmul_B160_sNone_1561502,353,68,rpe_signature,62672,generic_error,"{""pipeline"": ""True""}",0.8000,8,0,False,
PA-DSE_phago+Full_matmul_B160_sNone_1561502,365,68,rpe_signature,62672,generic_error,"{""pipeline"": ""True""}",0.8000,8,0,False,
PA-DSE_phago+Full_matmul_B160_sNone_1561502,401,68,rpe_signature,62672,generic_error,"{""pipeline"": ""True""}",0.8000,8,0,False,
PA-DSE_phago+Full_matmul_B160_sNone_1561502,413,68,rpe_signature,62672,generic_error,"{""pipeline"": ""True""}",0.8000,8,0,False,
PA-DSE_phago+Full_matmul_B160_sNone_1561502,308,68,rpe_signature,62672,generic_error,"{""pipeline"": ""True""}",0.8000,8,0,False,
PA-DSE_phago+Full_matmul_B160_sNone_1561502,320,68,rpe_signature,62672,generic_error,"{""pipeline"": ""True""}",0.8000,8,0,False,
PA-DSE_phago+Full_matmul_B160_sNone_1561502,309,68,rpe_signature,62672,generic_error,"{""pipeline"": ""True""}",0.8000,8,0,False,
PA-DSE_phago+Full_matmul_B160_sNone_1561502,302,68,rpe_signature,62672,generic_error,"{""pipeline"": ""True""}",0.8000,8,0,False,
PA-DSE_phago+Full_matmul_B160_sNone_1561502,321,68,rpe_signature,62672,generic_error,"{""pipeline"": ""True""}",0.8000,8,0,False,
PA-DSE_phago+Full_matmul_B160_sNone_1561502,303,68,rpe_signature,62672,generic_error,"{""pipeline"": ""True""}",0.8000,8,0,False,
PA-DSE_phago+Full_matmul_B160_sNone_1561502,315,68,rpe_signature,62672,generic_error,"{""pipeline"": ""True""}",0.8000,8,0,False,
PA-DSE_phago+Full_matmul_B160_sNone_1561502,356,68,rpe_signature,62672,generic_error,"{""pipeline"": ""True""}",0.8000,8,0,False,
PA-DSE_phago+Full_matmul_B160_sNone_1561502,368,68,rpe_signature,62672,generic_error,"{""pipeline"": ""True""}",0.8000,8,0,False,
PA-DSE_phago+Full_matmul_B160_sNone_1561502,404,68,rpe_signature,62672,generic_error,"{""pipeline"": ""True""}",0.8000,8,0,False,
PA-DSE_phago+Full_matmul_B160_sNone_1561502,416,68,rpe_signature,62672,generic_error,"{""pipeline"": ""True""}",0.8000,8,0,False,
PA-DSE_phago+Full_matmul_B160_sNone_1561502,357,68,rpe_signature,62672,generic_error,"{""pipeline"": ""True""}",0.8000,8,0,False,
PA-DSE_phago+Full_matmul_B160_sNone_1561502,350,68,rpe_signature,62672,generic_error,"{""pipeline"": ""True""}",0.8000,8,0,False,
PA-DSE_phago+Full_matmul_B160_sNone_1561502,369,68,rpe_signature,62672,generic_error,"{""pipeline"": ""True""}",0.8000,8,0,False,
PA-DSE_phago+Full_matmul_B160_sNone_1561502,362,68,rpe_signature,62672,generic_error,"{""pipeline"": ""True""}",0.8000,8,0,False,
PA-DSE_phago+Full_matmul_B160_sNone_1561502,405,68,rpe_signature,62672,generic_error,"{""pipeline"": ""True""}",0.8000,8,0,False,
PA-DSE_phago+Full_matmul_B160_sNone_1561502,398,68,rpe_signature,62672,generic_error,"{""pipeline"": ""True""}",0.8000,8,0,False,
PA-DSE_phago+Full_matmul_B160_sNone_1561502,410,68,rpe_signature,62672,generic_error,"{""pipeline"": ""True""}",0.8000,8,0,False,
PA-DSE_phago+Full_matmul_B160_sNone_1561502,351,68,rpe_signature,62672,generic_error,"{""pipeline"": ""True""}",0.8000,8,0,False,
PA-DSE_phago+Full_matmul_B160_sNone_1561502,363,68,rpe_signature,62672,generic_error,"{""pipeline"": ""True""}",0.8000,8,0,False,
PA-DSE_phago+Full_matmul_B160_sNone_1561502,399,68,rpe_signature,62672,generic_error,"{""pipeline"": ""True""}",0.8000,8,0,False,
PA-DSE_phago+Full_matmul_B160_sNone_1561502,411,68,rpe_signature,62672,generic_error,"{""pipeline"": ""True""}",0.8000,8,0,False,
PA-DSE_phago+Full_matmul_B160_sNone_1561502,306,68,rpe_signature,62672,generic_error,"{""pipeline"": ""True""}",0.8000,8,0,False,
PA-DSE_phago+Full_matmul_B160_sNone_1561502,318,68,rpe_signature,62672,generic_error,"{""pipeline"": ""True""}",0.8000,8,0,False,
PA-DSE_phago+Full_matmul_B160_sNone_1561502,300,68,rpe_signature,62672,generic_error,"{""pipeline"": ""True""}",0.8000,8,0,False,
PA-DSE_phago+Full_matmul_B160_sNone_1561502,312,68,rpe_signature,62672,generic_error,"{""pipeline"": ""True""}",0.8000,8,0,False,
PA-DSE_phago+Full_matmul_B160_sNone_1561502,354,68,rpe_signature,62672,generic_error,"{""pipeline"": ""True""}",0.8000,8,0,False,
PA-DSE_phago+Full_matmul_B160_sNone_1561502,402,68,rpe_signature,62672,generic_error,"{""pipeline"": ""True""}",0.8000,8,0,False,
PA-DSE_phago+Full_matmul_B160_sNone_1561502,414,68,rpe_signature,62672,generic_error,"{""pipeline"": ""True""}",0.8000,8,0,False,
PA-DSE_phago+Full_matmul_B160_sNone_1561502,348,68,rpe_signature,62672,generic_error,"{""pipeline"": ""True""}",0.8000,8,0,False,
PA-DSE_phago+Full_matmul_B160_sNone_1561502,360,68,rpe_signature,62672,generic_error,"{""pipeline"": ""True""}",0.8000,8,0,False,
PA-DSE_phago+Full_matmul_B160_sNone_1561502,396,68,rpe_signature,62672,generic_error,"{""pipeline"": ""True""}",0.8000,8,0,False,
PA-DSE_phago+Full_matmul_B160_sNone_1561502,408,68,rpe_signature,62672,generic_error,"{""pipeline"": ""True""}",0.8000,8,0,False,
PA-DSE_phago+Full_matmul_B160_sNone_1561502,251,68,rpe_signature,62672,generic_error,"{""pipeline"": ""True""}",0.8000,8,0,False,
PA-DSE_phago+Full_matmul_B160_sNone_1561502,203,68,rpe_signature,62672,generic_error,"{""pipeline"": ""True""}",0.8000,8,0,False,
PA-DSE_phago+Full_matmul_B160_sNone_1561502,155,68,rpe_signature,62672,generic_error,"{""pipeline"": ""True""}",0.8000,8,0,False,
PA-DSE_phago+Full_matmul_B160_sNone_1561502,107,68,rpe_signature,62672,generic_error,"{""pipeline"": ""True""}",0.8000,8,0,False,
PA-DSE_phago+Full_matmul_B160_sNone_1561502,245,68,rpe_signature,62672,generic_error,"{""pipeline"": ""True""}",0.8000,8,0,False,
PA-DSE_phago+Full_matmul_B160_sNone_1561502,197,68,rpe_signature,62672,generic_error,"{""pipeline"": ""True""}",0.8000,8,0,False,
PA-DSE_phago+Full_matmul_B160_sNone_1561502,149,68,rpe_signature,62672,generic_error,"{""pipeline"": ""True""}",0.8000,8,0,False,
PA-DSE_phago+Full_matmul_B160_sNone_1561502,101,68,rpe_signature,62672,generic_error,"{""pipeline"": ""True""}",0.8000,8,0,False,
PA-DSE_phago+Full_matmul_B160_sNone_1561502,239,68,rpe_signature,62672,generic_error,"{""pipeline"": ""True""}",0.8000,8,0,False,
PA-DSE_phago+Full_matmul_B160_sNone_1561502,191,68,rpe_signature,62672,generic_error,"{""pipeline"": ""True""}",0.8000,8,0,False,
PA-DSE_phago+Full_matmul_B160_sNone_1561502,143,68,rpe_signature,62672,generic_error,"{""pipeline"": ""True""}",0.8000,8,0,False,
PA-DSE_phago+Full_matmul_B160_sNone_1561502,95,68,rpe_signature,62672,generic_error,"{""pipeline"": ""True""}",0.8000,8,0,False,
PA-DSE_phago+Full_matmul_B160_sNone_1561502,233,68,rpe_signature,62672,generic_error,"{""pipeline"": ""True""}",0.8000,8,0,False,
PA-DSE_phago+Full_matmul_B160_sNone_1561502,185,68,rpe_signature,62672,generic_error,"{""pipeline"": ""True""}",0.8000,8,0,False,
PA-DSE_phago+Full_matmul_B160_sNone_1561502,137,68,rpe_signature,62672,generic_error,"{""pipeline"": ""True""}",0.8000,8,0,False,
PA-DSE_phago+Full_matmul_B160_sNone_1561502,89,68,rpe_signature,62672,generic_error,"{""pipeline"": ""True""}",0.8000,8,0,False,
PA-DSE_phago+Full_matmul_B160_sNone_1561502,248,68,rpe_signature,62672,generic_error,"{""pipeline"": ""True""}",0.8000,8,0,False,
PA-DSE_phago+Full_matmul_B160_sNone_1561502,152,68,rpe_signature,62672,generic_error,"{""pipeline"": ""True""}",0.8000,8,0,False,
PA-DSE_phago+Full_matmul_B160_sNone_1561502,249,68,rpe_signature,62672,generic_error,"{""pipeline"": ""True""}",0.8000,8,0,False,
PA-DSE_phago+Full_matmul_B160_sNone_1561502,201,68,rpe_signature,62672,generic_error,"{""pipeline"": ""True""}",0.8000,8,0,False,
PA-DSE_phago+Full_matmul_B160_sNone_1561502,105,68,rpe_signature,62672,generic_error,"{""pipeline"": ""True""}",0.8000,8,0,False,
PA-DSE_phago+Full_matmul_B160_sNone_1561502,242,68,rpe_signature,62672,generic_error,"{""pipeline"": ""True""}",0.8000,8,0,False,
PA-DSE_phago+Full_matmul_B160_sNone_1561502,194,68,rpe_signature,62672,generic_error,"{""pipeline"": ""True""}",0.8000,8,0,False,
PA-DSE_phago+Full_matmul_B160_sNone_1561502,146,68,rpe_signature,62672,generic_error,"{""pipeline"": ""True""}",0.8000,8,0,False,
PA-DSE_phago+Full_matmul_B160_sNone_1561502,98,68,rpe_signature,62672,generic_error,"{""pipeline"": ""True""}",0.8000,8,0,False,
PA-DSE_phago+Full_matmul_B160_sNone_1561502,243,68,rpe_signature,62672,generic_error,"{""pipeline"": ""True""}",0.8000,8,0,False,
PA-DSE_phago+Full_matmul_B160_sNone_1561502,195,68,rpe_signature,62672,generic_error,"{""pipeline"": ""True""}",0.8000,8,0,False,
PA-DSE_phago+Full_matmul_B160_sNone_1561502,147,68,rpe_signature,62672,generic_error,"{""pipeline"": ""True""}",0.8000,8,0,False,
PA-DSE_phago+Full_matmul_B160_sNone_1561502,99,68,rpe_signature,62672,generic_error,"{""pipeline"": ""True""}",0.8000,8,0,False,
PA-DSE_phago+Full_matmul_B160_sNone_1561502,236,68,rpe_signature,62672,generic_error,"{""pipeline"": ""True""}",0.8000,8,0,False,
PA-DSE_phago+Full_matmul_B160_sNone_1561502,188,68,rpe_signature,62672,generic_error,"{""pipeline"": ""True""}",0.8000,8,0,False,
PA-DSE_phago+Full_matmul_B160_sNone_1561502,140,68,rpe_signature,62672,generic_error,"{""pipeline"": ""True""}",0.8000,8,0,False,
PA-DSE_phago+Full_matmul_B160_sNone_1561502,92,68,rpe_signature,62672,generic_error,"{""pipeline"": ""True""}",0.8000,8,0,False,
PA-DSE_phago+Full_matmul_B160_sNone_1561502,237,68,rpe_signature,62672,generic_error,"{""pipeline"": ""True""}",0.8000,8,0,False,
PA-DSE_phago+Full_matmul_B160_sNone_1561502,189,68,rpe_signature,62672,generic_error,"{""pipeline"": ""True""}",0.8000,8,0,False,
PA-DSE_phago+Full_matmul_B160_sNone_1561502,141,68,rpe_signature,62672,generic_error,"{""pipeline"": ""True""}",0.8000,8,0,False,
PA-DSE_phago+Full_matmul_B160_sNone_1561502,93,68,rpe_signature,62672,generic_error,"{""pipeline"": ""True""}",0.8000,8,0,False,
PA-DSE_phago+Full_matmul_B160_sNone_1561502,230,68,rpe_signature,62672,generic_error,"{""pipeline"": ""True""}",0.8000,8,0,False,
PA-DSE_phago+Full_matmul_B160_sNone_1561502,182,68,rpe_signature,62672,generic_error,"{""pipeline"": ""True""}",0.8000,8,0,False,
PA-DSE_phago+Full_matmul_B160_sNone_1561502,134,68,rpe_signature,62672,generic_error,"{""pipeline"": ""True""}",0.8000,8,0,False,
PA-DSE_phago+Full_matmul_B160_sNone_1561502,86,68,rpe_signature,62672,generic_error,"{""pipeline"": ""True""}",0.8000,8,0,False,
PA-DSE_phago+Full_matmul_B160_sNone_1561502,231,68,rpe_signature,62672,generic_error,"{""pipeline"": ""True""}",0.8000,8,0,False,
PA-DSE_phago+Full_matmul_B160_sNone_1561502,183,68,rpe_signature,62672,generic_error,"{""pipeline"": ""True""}",0.8000,8,0,False,
PA-DSE_phago+Full_matmul_B160_sNone_1561502,135,68,rpe_signature,62672,generic_error,"{""pipeline"": ""True""}",0.8000,8,0,False,
PA-DSE_phago+Full_matmul_B160_sNone_1561502,87,68,rpe_signature,62672,generic_error,"{""pipeline"": ""True""}",0.8000,8,0,False,
PA-DSE_phago+Full_matmul_B160_sNone_1561502,246,68,rpe_signature,62672,generic_error,"{""pipeline"": ""True""}",0.8000,8,0,False,
PA-DSE_phago+Full_matmul_B160_sNone_1561502,198,68,rpe_signature,62672,generic_error,"{""pipeline"": ""True""}",0.8000,8,0,False,
PA-DSE_phago+Full_matmul_B160_sNone_1561502,150,68,rpe_signature,62672,generic_error,"{""pipeline"": ""True""}",0.8000,8,0,False,
PA-DSE_phago+Full_matmul_B160_sNone_1561502,102,68,rpe_signature,62672,generic_error,"{""pipeline"": ""True""}",0.8000,8,0,False,
PA-DSE_phago+Full_matmul_B160_sNone_1561502,240,68,rpe_signature,62672,generic_error,"{""pipeline"": ""True""}",0.8000,8,0,False,
PA-DSE_phago+Full_matmul_B160_sNone_1561502,192,68,rpe_signature,62672,generic_error,"{""pipeline"": ""True""}",0.8000,8,0,False,
PA-DSE_phago+Full_matmul_B160_sNone_1561502,144,68,rpe_signature,62672,generic_error,"{""pipeline"": ""True""}",0.8000,8,0,False,
PA-DSE_phago+Full_matmul_B160_sNone_1561502,96,68,rpe_signature,62672,generic_error,"{""pipeline"": ""True""}",0.8000,8,0,False,
PA-DSE_phago+Full_matmul_B160_sNone_1561502,234,68,rpe_signature,62672,generic_error,"{""pipeline"": ""True""}",0.8000,8,0,False,
PA-DSE_phago+Full_matmul_B160_sNone_1561502,186,68,rpe_signature,62672,generic_error,"{""pipeline"": ""True""}",0.8000,8,0,False,
PA-DSE_phago+Full_matmul_B160_sNone_1561502,138,68,rpe_signature,62672,generic_error,"{""pipeline"": ""True""}",0.8000,8,0,False,
PA-DSE_phago+Full_matmul_B160_sNone_1561502,90,68,rpe_signature,62672,generic_error,"{""pipeline"": ""True""}",0.8000,8,0,False,
PA-DSE_phago+Full_matmul_B160_sNone_1561502,228,68,rpe_signature,62672,generic_error,"{""pipeline"": ""True""}",0.8000,8,0,False,
PA-DSE_phago+Full_matmul_B160_sNone_1561502,180,68,rpe_signature,62672,generic_error,"{""pipeline"": ""True""}",0.8000,8,0,False,
PA-DSE_phago+Full_matmul_B160_sNone_1561502,132,68,rpe_signature,62672,generic_error,"{""pipeline"": ""True""}",0.8000,8,0,False,
PA-DSE_phago+Full_matmul_B160_sNone_1561502,299,68,rpe_signature,62672,generic_error,"{""pipeline"": ""True""}",0.8000,8,0,False,
PA-DSE_phago+Full_matmul_B160_sNone_1561502,293,68,rpe_signature,62672,generic_error,"{""pipeline"": ""True""}",0.8000,8,0,False,
PA-DSE_phago+Full_matmul_B160_sNone_1561502,347,68,rpe_signature,62672,generic_error,"{""pipeline"": ""True""}",0.8000,8,0,False,
PA-DSE_phago+Full_matmul_B160_sNone_1561502,395,68,rpe_signature,62672,generic_error,"{""pipeline"": ""True""}",0.8000,8,0,False,
PA-DSE_phago+Full_matmul_B160_sNone_1561502,341,68,rpe_signature,62672,generic_error,"{""pipeline"": ""True""}",0.8000,8,0,False,
PA-DSE_phago+Full_matmul_B160_sNone_1561502,389,68,rpe_signature,62672,generic_error,"{""pipeline"": ""True""}",0.8000,8,0,False,
PA-DSE_phago+Full_matmul_B160_sNone_1561502,287,68,rpe_signature,62672,generic_error,"{""pipeline"": ""True""}",0.8000,8,0,False,
PA-DSE_phago+Full_matmul_B160_sNone_1561502,281,68,rpe_signature,62672,generic_error,"{""pipeline"": ""True""}",0.8000,8,0,False,
PA-DSE_phago+Full_matmul_B160_sNone_1561502,335,68,rpe_signature,62672,generic_error,"{""pipeline"": ""True""}",0.8000,8,0,False,
PA-DSE_phago+Full_matmul_B160_sNone_1561502,383,68,rpe_signature,62672,generic_error,"{""pipeline"": ""True""}",0.8000,8,0,False,
PA-DSE_phago+Full_matmul_B160_sNone_1561502,329,68,rpe_signature,62672,generic_error,"{""pipeline"": ""True""}",0.8000,8,0,False,
PA-DSE_phago+Full_matmul_B160_sNone_1561502,377,68,rpe_signature,62672,generic_error,"{""pipeline"": ""True""}",0.8000,8,0,False,
PA-DSE_phago+Full_matmul_B160_sNone_1561502,296,68,rpe_signature,62672,generic_error,"{""pipeline"": ""True""}",0.8000,8,0,False,
PA-DSE_phago+Full_matmul_B160_sNone_1561502,297,68,rpe_signature,62672,generic_error,"{""pipeline"": ""True""}",0.8000,8,0,False,
PA-DSE_phago+Full_matmul_B160_sNone_1561502,290,68,rpe_signature,62672,generic_error,"{""pipeline"": ""True""}",0.8000,8,0,False,
PA-DSE_phago+Full_matmul_B160_sNone_1561502,291,68,rpe_signature,62672,generic_error,"{""pipeline"": ""True""}",0.8000,8,0,False,
PA-DSE_phago+Full_matmul_B160_sNone_1561502,344,68,rpe_signature,62672,generic_error,"{""pipeline"": ""True""}",0.8000,8,0,False,
PA-DSE_phago+Full_matmul_B160_sNone_1561502,392,68,rpe_signature,62672,generic_error,"{""pipeline"": ""True""}",0.8000,8,0,False,
PA-DSE_phago+Full_matmul_B160_sNone_1561502,345,68,rpe_signature,62672,generic_error,"{""pipeline"": ""True""}",0.8000,8,0,False,
PA-DSE_phago+Full_matmul_B160_sNone_1561502,338,68,rpe_signature,62672,generic_error,"{""pipeline"": ""True""}",0.8000,8,0,False,
PA-DSE_phago+Full_matmul_B160_sNone_1561502,393,68,rpe_signature,62672,generic_error,"{""pipeline"": ""True""}",0.8000,8,0,False,
PA-DSE_phago+Full_matmul_B160_sNone_1561502,386,68,rpe_signature,62672,generic_error,"{""pipeline"": ""True""}",0.8000,8,0,False,
PA-DSE_phago+Full_matmul_B160_sNone_1561502,339,68,rpe_signature,62672,generic_error,"{""pipeline"": ""True""}",0.8000,8,0,False,
PA-DSE_phago+Full_matmul_B160_sNone_1561502,387,68,rpe_signature,62672,generic_error,"{""pipeline"": ""True""}",0.8000,8,0,False,
PA-DSE_phago+Full_matmul_B160_sNone_1561502,284,68,rpe_signature,62672,generic_error,"{""pipeline"": ""True""}",0.8000,8,0,False,
PA-DSE_phago+Full_matmul_B160_sNone_1561502,285,68,rpe_signature,62672,generic_error,"{""pipeline"": ""True""}",0.8000,8,0,False,
PA-DSE_phago+Full_matmul_B160_sNone_1561502,278,68,rpe_signature,62672,generic_error,"{""pipeline"": ""True""}",0.8000,8,0,False,
PA-DSE_phago+Full_matmul_B160_sNone_1561502,279,68,rpe_signature,62672,generic_error,"{""pipeline"": ""True""}",0.8000,8,0,False,
PA-DSE_phago+Full_matmul_B160_sNone_1561502,332,68,rpe_signature,62672,generic_error,"{""pipeline"": ""True""}",0.8000,8,0,False,
PA-DSE_phago+Full_matmul_B160_sNone_1561502,380,68,rpe_signature,62672,generic_error,"{""pipeline"": ""True""}",0.8000,8,0,False,
PA-DSE_phago+Full_matmul_B160_sNone_1561502,333,68,rpe_signature,62672,generic_error,"{""pipeline"": ""True""}",0.8000,8,0,False,
PA-DSE_phago+Full_matmul_B160_sNone_1561502,326,68,rpe_signature,62672,generic_error,"{""pipeline"": ""True""}",0.8000,8,0,False,
PA-DSE_phago+Full_matmul_B160_sNone_1561502,381,68,rpe_signature,62672,generic_error,"{""pipeline"": ""True""}",0.8000,8,0,False,
PA-DSE_phago+Full_matmul_B160_sNone_1561502,374,68,rpe_signature,62672,generic_error,"{""pipeline"": ""True""}",0.8000,8,0,False,
PA-DSE_phago+Full_matmul_B160_sNone_1561502,288,68,rpe_signature,62672,generic_error,"{""pipeline"": ""True""}",0.8000,8,0,False,
PA-DSE_phago+Full_matmul_B160_sNone_1561502,342,68,rpe_signature,62672,generic_error,"{""pipeline"": ""True""}",0.8000,8,0,False,
PA-DSE_phago+Full_matmul_B160_sNone_1561502,336,68,rpe_signature,62672,generic_error,"{""pipeline"": ""True""}",0.8000,8,0,False,
PA-DSE_phago+Full_matmul_B160_sNone_1561502,384,68,rpe_signature,62672,generic_error,"{""pipeline"": ""True""}",0.8000,8,0,False,
PA-DSE_phago+Full_matmul_B160_sNone_1561502,282,68,rpe_signature,62672,generic_error,"{""pipeline"": ""True""}",0.8000,8,0,False,
PA-DSE_phago+Full_matmul_B160_sNone_1561502,276,68,rpe_signature,62672,generic_error,"{""pipeline"": ""True""}",0.8000,8,0,False,
PA-DSE_phago+Full_matmul_B160_sNone_1561502,330,68,rpe_signature,62672,generic_error,"{""pipeline"": ""True""}",0.8000,8,0,False,
PA-DSE_phago+Full_matmul_B160_sNone_1561502,378,68,rpe_signature,62672,generic_error,"{""pipeline"": ""True""}",0.8000,8,0,False,
PA-DSE_phago+Full_matmul_B160_sNone_1561502,324,68,rpe_signature,62672,generic_error,"{""pipeline"": ""True""}",0.8000,8,0,False,
PA-DSE_phago+Full_matmul_B160_sNone_1561502,372,68,rpe_signature,62672,generic_error,"{""pipeline"": ""True""}",0.8000,8,0,False,
PA-DSE_phago+Full_matmul_B160_sNone_1561502,173,69,rpe_signature,62672,generic_error,"{""pipeline"": ""True""}",0.8182,9,0,False,
PA-DSE_phago+Full_matmul_B160_sNone_1561502,267,69,rpe_signature,62672,generic_error,"{""pipeline"": ""True""}",0.8182,9,0,False,
PA-DSE_phago+Full_matmul_B160_sNone_1561502,417,69,rpe_signature,62672,generic_error,"{""pipeline"": ""True""}",0.8182,9,0,False,
PA-DSE_phago+Full_matmul_B160_sNone_1561502,366,69,rpe_signature,62672,generic_error,"{""pipeline"": ""True""}",0.8182,9,0,False,
PA-DSE_phago+Full_matmul_B160_sNone_1561502,419,69,rpe_signature,62672,generic_error,"{""pipeline"": ""True""}",0.8182,9,0,False,
PA-DSE_phago+Full_matmul_B160_sNone_1561502,200,69,rpe_signature,62672,generic_error,"{""pipeline"": ""True""}",0.8182,9,0,False,
PA-DSE_phago+Full_matmul_B160_sNone_1561502,104,69,rpe_signature,62672,generic_error,"{""pipeline"": ""True""}",0.8182,9,0,False,
PA-DSE_phago+Full_matmul_B160_sNone_1561502,113,69,rpe_signature,62672,generic_error,"{""pipeline"": ""True""}",0.8182,9,0,False,
PA-DSE_phago+Full_matmul_B160_sNone_1561502,119,69,rpe_signature,62672,generic_error,"{""pipeline"": ""True""}",0.8182,9,0,False,
